movie_id,country
it-was-just-an-accident-2025,Iran
it-was-just-an-accident-2025,France
it-was-just-an-accident-2025,Luxembourg
desperate-living-1977,United States of America
hairspray-1988,United States of America
high-art-1998,Canada
high-art-1998,United States of America
west-indies-1979,Algeria
west-indies-1979,France
west-indies-1979,Mauritania
lenny-1974,United States of America
sentimental-value-2025,Turkey
sentimental-value-2025,Norway
sentimental-value-2025,France
sentimental-value-2025,Denmark
sentimental-value-2025,Sweden
sentimental-value-2025,Germany
sentimental-value-2025,United Kingdom
fresh-kill-1994,United Kingdom
fresh-kill-1994,United States of America
the-delta-1996,United States of America
body-heat-1981,United States of America
baby-boy-2001,United States of America
poetic-justice-1993,United States of America
boyz-n-the-hood-1991,United States of America
point-blank-1967,United States of America
the-blade-1995,Hong Kong
a-man-and-a-woman-1966,France
testament-1983,United States of America
killers-of-the-flower-moon-2023,United States of America
the-man-who-wasnt-there-2001,United Kingdom
the-man-who-wasnt-there-2001,United States of America
network-1976,United States of America
kiss-of-the-spider-woman-1985,Brazil
kiss-of-the-spider-woman-1985,United States of America
birth-2004,Germany
birth-2004,United Kingdom
birth-2004,United States of America
captain-blood-1935,United States of America
the-fall-of-otrar-1991,Kazakhstan
the-choice-1987,NA
kummatty-1979,India
chronicle-of-the-years-of-fire-1975,Algeria
the-dead-1987,Germany
the-dead-1987,Ireland
the-dead-1987,United Kingdom
the-dead-1987,United States of America
david-byrnes-american-utopia-2020,United States of America
peewees-big-adventure-1985,United States of America
salaam-bombay-1988,France
salaam-bombay-1988,India
salaam-bombay-1988,United Kingdom
the-mysteries-of-the-chateau-of-dice-1929,France
the-starfish-1928,France
emakbakia-1926,France
return-to-reason-1923,France
eyes-wide-shut-1999,United Kingdom
eyes-wide-shut-1999,United States of America
él-1953,Mexico
hells-angels-1930,United States of America
house-party-1990,United States of America
nightmare-alley-2021,United States of America
deep-crimson-1996,Mexico
deep-crimson-1996,France
deep-crimson-1996,Spain
altered-states-1980,United States of America
a-history-of-violence-2005,Germany
a-history-of-violence-2005,United States of America
the-french-dispatch-of-the-liberty-kansas-evening-sun-2021,United States of America
the-french-dispatch-of-the-liberty-kansas-evening-sun-2021,Germany
isle-of-dogs-2018,United States of America
isle-of-dogs-2018,Germany
the-beat-that-my-heart-skipped-2005,France
read-my-lips-2001,France
flow-2024,United Kingdom
born-in-flames-1983,United States of America
saving-face-2004,United States of America
mahjong-1996,Taiwan
a-confucian-confusion-1994,Taiwan
compensation-1999,United States of America
cairo-station-1958,Egypt
shoeshine-1946,Italy
you-can-count-on-me-2000,United States of America
carnal-knowledge-1971,United States of America
the-big-heat-1953,United States of America
thirty-two-short-films-about-glenn-gould-1993,Finland
thirty-two-short-films-about-glenn-gould-1993,Canada
thirty-two-short-films-about-glenn-gould-1993,Netherlands
thirty-two-short-films-about-glenn-gould-1993,Portugal
sorcerer-1977,United States of America
sorcerer-1977,Mexico
midnight-1939,United States of America
thelonious-monk-straight-no-chaser-1988,United States of America
the-wiz-1978,United States of America
the-four-musketeers-1974,Spain
the-four-musketeers-1974,United Kingdom
the-four-musketeers-1974,United States of America
the-three-musketeers-1973,Spain
the-three-musketeers-1973,United Kingdom
the-three-musketeers-1973,United States of America
killer-of-sheep-1978,United States of America
the-wind-will-carry-us-1999,Iran
the-wind-will-carry-us-1999,France
basquiat-1996,United States of America
anora-2024,United States of America
prince-of-broadway-2008,United States of America
manon-of-the-spring-1986,France
manon-of-the-spring-1986,Italy
jean-de-florette-1986,France
jean-de-florette-1986,Italy
jean-de-florette-1986,Switzerland
choose-me-1984,United States of America
night-moves-1975,United States of America
godzilla-vs-biollante-1989,Japan
a-woman-of-paris-a-drama-of-fate-1923,United States of America
performance-1970,United Kingdom
drugstore-cowboy-1989,United States of America
crossing-delancey-1988,United States of America
king-lear-1987,United States of America
winchester-73-1950,United States of America
jo-jo-dancer-your-life-is-calling-1986,United States of America
the-grifters-1990,Canada
the-grifters-1990,United States of America
the-mother-and-the-whore-1973,France
eastern-condors-1987,Hong Kong
no-country-for-old-men-2007,United States of America
the-shape-of-water-2017,United States of America
paper-moon-1973,United States of America
funny-girl-1968,United States of America
scarface-1932,United States of America
gummo-1997,United States of America
demon-pond-1979,Japan
the-seventh-victim-1943,United States of America
i-walked-with-a-zombie-1943,United States of America
happiness-1998,United States of America
all-of-us-strangers-2023,United Kingdom
all-of-us-strangers-2023,United States of America
nowhere-1997,United States of America
nowhere-1997,France
the-doom-generation-1995,United States of America
the-doom-generation-1995,France
totally-fed-up-1993,United States of America
mother-1996,United States of America
real-life-1979,United States of America
not-a-pretty-picture-1976,United States of America
the-long-farewell-1971,Soviet Union
brief-encounters-1967,Soviet Union
farewell-my-concubine-1993,China
farewell-my-concubine-1993,Hong Kong
risky-business-1983,United States of America
perfect-days-2023,Germany
perfect-days-2023,Japan
black-god-white-devil-1964,Brazil
pat-garrett-billy-the-kid-1973,United States of America
the-underground-railroad-2021,United States of America
victims-of-sin-1951,Mexico
querelle-1982,Germany
querelle-1982,France
bound-1996,United States of America
girlfight-2000,United States of America
anatomy-of-a-fall-2023,France
ceddo-1977,Senegal
xala-1975,Senegal
emitaï-1971,Senegal
dogfight-1991,United States of America
werckmeister-harmonies-2000,France
werckmeister-harmonies-2000,Germany
werckmeister-harmonies-2000,Hungary
i-am-cuba-1964,Cuba
i-am-cuba-1964,Soviet Union
to-die-for-1995,United Kingdom
to-die-for-1995,United States of America
saint-omer-2022,France
the-runner-1984,Iran
all-the-beauty-and-the-bloodshed-2022,United States of America
nothing-but-a-man-1964,United States of America
the-roaring-twenties-1939,United States of America
heroic-trio-2-executioners-1993,Hong Kong
heroic-trio-2-executioners-1993,China
the-heroic-trio-1993,Hong Kong
the-heroic-trio-1993,China
a-tale-of-autumn-1998,France
a-summers-tale-1996,France
a-tale-of-winter-1992,France
a-tale-of-springtime-1990,France
mudbound-2017,United States of America
trainspotting-1996,United Kingdom
the-meetings-of-anna-1978,Belgium
the-meetings-of-anna-1978,France
the-meetings-of-anna-1978,Germany
news-from-home-1976,Belgium
news-from-home-1976,France
news-from-home-1976,Germany
je-tu-il-elle-1974,Belgium
je-tu-il-elle-1974,France
le-158-1973,Belgium
le-158-1973,France
hotel-monterey-1973,Belgium
hotel-monterey-1973,France
the-chamber-1972,Belgium
the-beloved-child-or-i-play-at-being-a-married-woman-1971,Belgium
saute-ma-ville-1968,Belgium
lone-star-1996,United States of America
guillermo-del-toros-pinocchio-2022,United States of America
circus-angel-1965,France
stowaway-in-the-sky-1960,France
the-red-balloon-1956,France
white-mane-1953,France
bim-the-little-donkey-1951,France
la-cérémonie-1995,France
la-cérémonie-1995,Germany
mean-streets-1973,United States of America
my-lucky-stars-1985,Hong Kong
the-young-master-1980,Hong Kong
fearless-hyena-2-1983,Hong Kong
fearless-hyena-1979,Hong Kong
spiritual-kung-fu-1978,Hong Kong
half-a-loaf-of-kung-fu-1978,Hong Kong
half-a-loaf-of-kung-fu-1978,Taiwan
nanny-2022,United States of America
the-others-2001,Spain
the-others-2001,United States of America
the-others-2001,France
freaks-1932,United States of America
the-unknown-1927,United States of America
the-mystic-1925,United States of America
la-bamba-1987,United States of America
moonage-daydream-2022,Germany
moonage-daydream-2022,United States of America
the-trial-1962,France
the-trial-1962,Germany
the-trial-1962,Italy
drylongso-1998,United States of America
adalen-31-1969,Sweden
elvira-madigan-1967,Sweden
ravens-end-1963,Sweden
the-baby-carriage-1963,Sweden
dim-sum-a-little-bit-of-heart-1985,United States of America
one-false-move-1991,United States of America
comanche-station-1960,United States of America
ride-lonesome-1959,United States of America
buchanan-rides-alone-1958,United States of America
decision-at-sundown-1957,United States of America
the-tall-t-1957,United States of America
after-hours-1985,United States of America
the-watermelon-woman-1996,United States of America
medicine-for-melancholy-2008,United States of America
the-servant-1963,United Kingdom
petite-maman-2021,France
thelma-louise-1991,United Kingdom
thelma-louise-1991,United States of America
targets-1968,United States of America
triangle-of-sadness-2022,Denmark
triangle-of-sadness-2022,France
triangle-of-sadness-2022,Germany
triangle-of-sadness-2022,Greece
triangle-of-sadness-2022,Mexico
triangle-of-sadness-2022,Sweden
triangle-of-sadness-2022,Switzerland
triangle-of-sadness-2022,Turkey
triangle-of-sadness-2022,United Kingdom
triangle-of-sadness-2022,United States of America
mangrove-2020,United Kingdom
lovers-rock-2020,United Kingdom
red-white-and-blue-2020,United Kingdom
alex-wheatle-2020,United Kingdom
education-2020,United Kingdom
chilly-scenes-of-winter-1979,United States of America
inland-empire-2006,United States of America
inland-empire-2006,France
inland-empire-2006,Poland
last-hurrah-for-chivalry-1979,Hong Kong
hollywood-shuffle-1987,United States of America
baxter-vera-baxter-1977,France
india-song-1975,France
romeo-and-juliet-1968,Italy
romeo-and-juliet-1968,United Kingdom
romeo-and-juliet-1968,United States of America
bergman-island-2021,France
bergman-island-2021,Germany
bergman-island-2021,Belgium
bergman-island-2021,Sweden
bergman-island-2021,Mexico
bergman-island-2021,Brazil
this-is-not-a-burial-its-a-resurrection-2019,South Africa
epidemic-1987,Denmark
imitation-of-life-1934,United States of America
the-adventures-of-baron-munchausen-1988,Germany
the-adventures-of-baron-munchausen-1988,United Kingdom
the-adventures-of-baron-munchausen-1988,United States of America
cooley-high-1975,United States of America
the-velvet-underground-2021,United States of America
71-fragments-of-a-chronology-of-chance-1994,Austria
71-fragments-of-a-chronology-of-chance-1994,Germany
bennys-video-1992,Austria
bennys-video-1992,Switzerland
the-seventh-continent-1989,Austria
the-girls-1968,France
night-games-1966,Sweden
loving-couples-1964,Sweden
walle-2008,United States of America
malcolm-x-1992,United States of America
malcolm-x-1992,Netherlands Antilles
infernal-affairs-iii-2003,China
infernal-affairs-iii-2003,Hong Kong
infernal-affairs-iii-2003,Taiwan
infernal-affairs-ii-2003,China
infernal-affairs-ii-2003,Hong Kong
infernal-affairs-ii-2003,Taiwan
infernal-affairs-2002,Hong Kong
the-power-of-the-dog-2021,Australia
the-power-of-the-dog-2021,Canada
the-power-of-the-dog-2021,New Zealand
the-power-of-the-dog-2021,United Kingdom
daisies-1966,Czechoslovakia
la-llorona-2019,Guatemala
la-llorona-2019,France
cure-1997,Japan
eves-bayou-1997,United States of America
arsenic-and-old-lace-1944,United States of America
lost-highway-1997,France
lost-highway-1997,United States of America
sound-of-metal-2019,United States of America
exotica-1994,Canada
take-out-2004,United States of America
kalpana-1948,India
two-girls-on-the-street-1939,Hungary
muna-moto-1975,Cameroon
chess-of-the-wind-1976,Iran
prisoners-of-the-land-1939,Argentina
sambizanga-1972,Angola
sambizanga-1972,France
sambizanga-1972,Congo
faya-dayi-2021,Ethiopia
faya-dayi-2021,United States of America
buck-and-the-preacher-1972,United States of America
hôtel-du-nord-1938,France
daddy-longlegs-2009,France
daddy-longlegs-2009,United States of America
frownland-2007,United States of America
drive-my-car-2021,Japan
devil-in-a-blue-dress-1995,United States of America
raging-bull-1980,United States of America
okja-2017,South Korea
okja-2017,United States of America
the-worst-person-in-the-world-2021,Norway
the-worst-person-in-the-world-2021,Sweden
the-worst-person-in-the-world-2021,Denmark
the-worst-person-in-the-world-2021,France
pink-flamingos-1972,United States of America
shaft-1971,United States of America
rouge-1987,Hong Kong
farewell-amor-2020,United States of America
farewell-amor-2020,United Kingdom
mississippi-masala-1991,United Kingdom
mississippi-masala-1991,United States of America
double-indemnity-1944,United States of America
the-funeral-1984,Japan
chan-is-missing-1982,United States of America
mr-klein-1976,France
mr-klein-1976,Italy
round-midnight-1986,United States of America
round-midnight-1986,France
eyimofe-this-is-my-desire-2020,Nigeria
the-girl-cant-help-it-1956,United States of America
miracle-in-milan-1951,Italy
the-last-waltz-1978,United States of America
love-jones-1997,United States of America
the-flight-of-the-phoenix-1965,United States of America
adoption-1975,Hungary
love-affair-1939,United States of America
boat-people-1982,Hong Kong
millers-crossing-1990,United States of America
dick-johnson-is-dead-2020,United States of America
the-piano-1993,Australia
the-piano-1993,France
time-2020,United States of America
the-celebration-1998,Denmark
the-celebration-1998,Sweden
the-learning-tree-1969,United States of America
one-night-in-miami-2020,United States of America
menace-ii-society-1993,United States of America
citizen-kane-1941,United States of America
once-upon-a-time-in-china-v-1994,Hong Kong
once-upon-a-time-in-china-iv-1993,Hong Kong
once-upon-a-time-in-china-iv-1993,China
once-upon-a-time-in-china-iii-1992,Hong Kong
once-upon-a-time-in-china-ii-1992,Hong Kong
once-upon-a-time-in-china-1991,Hong Kong
devi-1960,Sweden
uncut-gems-2019,United States of America
the-incredible-shrinking-man-1957,United States of America
high-sierra-1941,United States of America
the-damned-1969,Germany
the-damned-1969,Italy
love-basketball-2000,United States of America
dont-play-us-cheap-1973,United States of America
sweet-sweetbacks-baadasssss-song-1971,United States of America
watermelon-man-1970,United States of America
the-story-of-a-threeday-pass-1967,France
throw-down-2004,Hong Kong
throw-down-2004,China
beasts-of-no-nation-2015,Brazil
beasts-of-no-nation-2015,United States of America
original-cast-album-company-1970,United States of America
after-life-1998,Japan
the-swimming-pool-1969,France
the-swimming-pool-1969,Italy
working-girls-1986,United States of America
deep-cover-1992,United States of America
bringing-up-baby-1938,United States of America
mirror-1975,Soviet Union
pariah-2011,United States of America
black-is-black-aint-1994,United States of America
no-regret-1993,Hong Kong
color-adjustment-1992,United States of America
anthem-1992,United States of America
affirmations-1990,United States of America
tongues-untied-1989,United States of America
ethnic-notions-1986,United States of America
visions-of-eight-1973,Germany
visions-of-eight-1973,United States of America
tiny-the-life-of-erin-blackwell-2016,United States of America
streetwise-1984,United States of America
nightmare-alley-1947,United States of America
flowers-of-shanghai-1998,Taiwan
merrily-we-go-to-hell-1932,United States of America
fast-times-at-ridgemont-high-1982,United States of America
irma-vep-1996,France
memories-of-murder-2003,South Korea
history-is-made-at-night-1937,United States of America
defending-your-life-1991,United States of America
secrets-lies-1996,United Kingdom
secrets-lies-1996,France
céline-and-julie-go-boating-1974,France
smooth-talk-1985,United States of America
smooth-talk-1985,United Kingdom
chop-shop-2007,United States of America
man-push-cart-2005,United States of America
mandabi-1968,Senegal
mandabi-1968,France
the-parallax-view-1974,United States of America
the-ascent-1977,Soviet Union
rolling-thunder-revue-a-bob-dylan-story-by-martin-scorsese-2019,United States of America
minding-the-gap-2018,United States of America
amores-perros-2000,Mexico
crash-1996,Canada
crash-1996,United Kingdom
the-irishman-2019,United States of America
ghost-dog-the-way-of-the-samurai-1999,France
ghost-dog-the-way-of-the-samurai-1999,Germany
ghost-dog-the-way-of-the-samurai-1999,Japan
ghost-dog-the-way-of-the-samurai-1999,United States of America
moonstruck-1987,United States of America
girlfriends-1978,United States of America
parasite-2019,South Korea
the-gunfighter-1950,United States of America
claudine-1974,United States of America
the-elephant-man-1980,United States of America
downpour-1972,Iran
oh-sun-1970,France
oh-sun-1970,Mauritania
two-monks-1934,Mexico
pixote-1980,Brazil
after-the-curfew-1954,Indonesia
lucía-1968,Cuba
christ-stopped-at-eboli-1979,France
christ-stopped-at-eboli-1979,Italy
beau-travail-1999,France
the-comfort-of-strangers-1990,Italy
the-comfort-of-strangers-1990,United Kingdom
the-comfort-of-strangers-1990,United States of America
toni-1935,France
town-bloody-hall-1979,United States of America
marriage-story-2019,United Kingdom
the-war-of-the-worlds-1953,United States of America
game-of-death-1978,United States of America
game-of-death-1978,Hong Kong
enter-the-dragon-1973,Hong Kong
enter-the-dragon-1973,United States of America
the-way-of-the-dragon-1972,Hong Kong
fist-of-fury-1972,Hong Kong
the-big-boss-1971,Hong Kong
come-and-see-1985,Soviet Union
portrait-of-a-lady-on-fire-2019,France
the-cameraman-1928,United States of America
an-unmarried-woman-1978,United States of America
wildlife-2018,United States of America
italianamerican-1974,United States of America
american-boy-a-profile-of-steven-prince-1978,United States of America
the-big-shave-1967,United States of America
its-not-just-you-murray-1964,United States of America
whats-a-nice-girl-like-you-doing-in-a-place-like-this-1963,United States of America
husbands-1970,United States of America
dance-girl-dance-1940,United States of America
the-great-escape-1963,United States of America
me-and-you-and-everyone-we-know-2005,United Kingdom
me-and-you-and-everyone-we-know-2005,United States of America
the-grand-budapest-hotel-2014,United States of America
the-grand-budapest-hotel-2014,Germany
destry-rides-again-1939,United States of America
the-cremator-1969,Czechoslovakia
the-prince-of-tides-1991,United States of America
show-boat-1936,United States of America
leave-her-to-heaven-1945,United States of America
bamboozled-2000,United States of America
paris-is-burning-1990,United States of America
the-fabulous-baron-munchausen-1962,Czechoslovakia
the-fabulous-world-of-jules-verne-1958,Czechoslovakia
journey-to-the-beginning-of-time-1955,Czechoslovakia
roma-2018,United Kingdom
roma-2018,United States of America
theorem-1968,Italy
all-about-my-mother-1999,Spain
all-about-my-mother-1999,France
fail-safe-1964,United States of America
the-little-soldier-1963,France
holiday-1938,United States of America
old-joy-2006,United States of America
until-the-end-of-the-world-1991,Germany
until-the-end-of-the-world-1991,Australia
until-the-end-of-the-world-1991,France
the-story-of-temple-drake-1933,United States of America
cold-war-2018,Poland
cold-war-2018,United Kingdom
cold-war-2018,France
now-voyager-1942,United States of America
all-about-eve-1950,United States of America
betty-blue-1986,France
the-daytrippers-1996,United States of America
terror-of-mechagodzilla-1975,Japan
godzilla-vs-mechagodzilla-1974,Japan
godzilla-vs-megalon-1973,Japan
godzilla-vs-gigan-1972,Japan
godzilla-vs-hedorah-1971,Japan
all-monsters-attack-1969,Japan
destroy-all-monsters-1968,Japan
son-of-godzilla-1967,Japan
ebirah-horror-of-the-deep-1966,Japan
invasion-of-astromonster-1965,Japan
invasion-of-astromonster-1965,United States of America
ghidorah-the-threeheaded-monster-1964,Japan
mothra-vs-godzilla-1964,Japan
king-kong-vs-godzilla-1963,Japan
king-kong-vs-godzilla-1962,Japan
godzilla-raids-again-1955,Japan
matewan-1987,United States of America
when-we-were-kings-1996,United States of America
cluny-brown-1946,United States of America
the-circus-1928,United States of America
polyester-1981,United Kingdom
polyester-1981,United States of America
local-hero-1983,United Kingdom
the-cloudcapped-star-1960,India
through-the-olive-trees-1994,Iran
through-the-olive-trees-1994,France
life-and-nothing-more-1992,Iran
where-is-the-friends-house-1987,Iran
the-flavor-of-green-tea-over-rice-1952,Japan
the-inland-sea-1991,Japan
the-inland-sea-1991,United States of America
klute-1971,United States of America
the-bakers-wife-1938,France
europa-europa-1990,France
europa-europa-1990,Germany
europa-europa-1990,Poland
nineteen-eightyfour-1984,United Kingdom
war-and-peace-1965,Soviet Union
hedwig-and-the-angry-inch-2001,United States of America
humanité-1999,France
the-life-of-jesus-1997,France
swing-time-1936,United States of America
one-sings-the-other-doesnt-1977,Belgium
one-sings-the-other-doesnt-1977,France
one-sings-the-other-doesnt-1977,Netherlands Antilles
blue-velvet-1986,United States of America
let-the-sunshine-in-2017,Belgium
let-the-sunshine-in-2017,France
funny-games-1997,Austria
the-heiress-1949,United States of America
my-brilliant-career-1979,Australia
police-story-2-1988,Hong Kong
police-story-1985,Hong Kong
a-face-in-the-crowd-1957,United States of America
diamonds-of-the-night-1964,Czechoslovakia
japón-2002,Germany
japón-2002,Mexico
japón-2002,Netherlands
japón-2002,Spain
i-wanna-hold-your-hand-1978,United States of America
detour-1945,United States of America
wanda-1970,United States of America
the-kid-brother-1927,United States of America
to-sleep-with-anger-1990,United States of America
death-in-venice-1971,France
death-in-venice-1971,Italy
shame-1968,Sweden
the-truth-1960,France
the-truth-1960,Italy
in-the-heat-of-the-night-1967,United States of America
4-months-3-weeks-and-2-days-2007,Belgium
4-months-3-weeks-and-2-days-2007,Romania
mikey-and-nicky-1976,United States of America
24-frames-2017,Iran
24-frames-2017,France
panic-1946,France
forty-guns-1957,United States of America
a-dry-white-season-1989,United States of America
the-magnificent-ambersons-1942,United States of America
true-stories-1986,United States of America
some-like-it-hot-1959,United States of America
a-story-from-chikamatsu-1954,Japan
the-princess-bride-1987,United States of America
shampoo-1975,United States of America
eight-hours-dont-make-a-day-1972,Germany
a-raisin-in-the-sun-1961,United States of America
cold-water-1994,France
memories-of-underdevelopment-1968,Cuba
the-tree-of-life-2011,United States of America
smithereens-1982,United States of America
the-ballad-of-gregorio-cortez-1982,United States of America
a-matter-of-life-and-death-1946,United Kingdom
sex-lies-and-videotape-1989,United States of America
dragon-inn-1967,Taiwan
bull-durham-1988,United States of America
the-devil-is-a-woman-1935,United States of America
blonde-venus-1932,United States of America
shanghai-express-1932,United States of America
dishonored-1931,United States of America
morocco-1930,United States of America
female-trouble-1974,United States of America
bowling-for-columbine-2002,Canada
bowling-for-columbine-2002,Germany
bowling-for-columbine-2002,United States of America
el-sur-1983,Spain
el-sur-1983,France
manila-in-the-claws-of-light-1975,Philippines
midnight-cowboy-1969,United States of America
graduation-2016,Japan
beyond-the-hills-2012,Belgium
beyond-the-hills-2012,France
beyond-the-hills-2012,Romania
the-other-side-of-hope-2017,Finland
the-other-side-of-hope-2017,Germany
moonrise-1948,United States of America
the-virgin-suicides-1999,United States of America
dead-man-1995,United States of America
dead-man-1995,Germany
dead-man-1995,Japan
the-color-of-pomegranates-1969,Soviet Union
the-awful-truth-1937,United States of America
women-in-love-1969,United Kingdom
king-of-jazz-1930,United States of America
baal-1970,Germany
the-age-of-innocence-1993,United States of America
an-actors-revenge-1963,Japan
the-hero-1966,United Kingdom
tom-jones-1963,United Kingdom
night-of-the-living-dead-1968,United States of America
comradeship-1931,Germany
comradeship-1931,France
westfront-1918-1930,Germany
i-daniel-blake-2016,United Kingdom
i-daniel-blake-2016,France
i-daniel-blake-2016,Belgium
the-breakfast-club-1985,United States of America
election-1999,United States of America
jabberwocky-1977,United Kingdom
desert-hearts-1985,United States of America
the-philadelphia-story-1940,United States of America
first-2012,United Kingdom
bud-greenspan-presents-vancouver-2010-stories-of-olympic-glory-2011,United States of America
the-everlasting-flame-2009,China
bud-greenspans-torino-2006-stories-of-olympic-glory-2007,United States of America
bud-greenspans-athens-2004-stories-of-olympic-glory-2005,United States of America
salt-lake-city-2002-stories-of-olympic-glory-2003,United States of America
sydney-2000-stories-of-olympic-glory-2001,Australia
olympic-glory-1999,United States of America
nagano-98-olympics-stories-of-honor-and-glory-1998,United States of America
atlantas-olympic-glory-1997,United States of America
lillehammer-94-16-days-of-glory-1994,United States of America
marathon-1993,Spain
one-light-one-world-1992,United States of America
beyond-all-barriers-1989,South Korea
hand-in-hand-1989,South Korea
seoul-1988-1989,South Korea
calgary-88-16-days-of-glory-1989,Canada
16-days-of-glory-1985,United States of America
a-turning-point-1984,United States of America
a-turning-point-1984,Yugoslavia
o-sport-you-are-peace-1981,Soviet Union
olympic-spirit-1980,United Kingdom
games-of-the-xxi-olympiad-1977,Canada
white-rock-1977,United Kingdom
sapporo-winter-olympics-1972,Japan
the-olympics-in-mexico-1969,Mexico
snows-of-grenoble-1968,France
13-days-in-france-1968,France
sensation-of-the-century-1966,Japan
ix-olympic-winter-games-innsbruck-1964-1964,Austria
the-grand-olympics-1961,Italy
people-hopes-medals-1960,United States of America
people-hopes-medals-1960,Germany
the-horse-in-focus-1956,Sweden
alain-mimoun-1959,France
the-melbourne-rendezvous-1957,France
olympic-games-1956-1956,Australia
white-vertigo-1956,Italy
memories-of-the-olympic-summer-of-1952-1954,Finland
gold-and-glory-1953,Finland
where-the-world-meets-1952,Finland
the-vi-olympic-winter-games-oslo-1952-1952,Norway
xivth-olympiad-the-glory-of-sport-1948,United Kingdom
fight-without-hate-1948,France
olympia-part-two-festival-of-beauty-1938,Germany
olympia-part-one-festival-of-the-nations-1938,Germany
youth-of-the-world-1936,Germany
the-olympic-games-amsterdam-1928-1928,NA
the-ix-olympiad-in-amsterdam-1928,Italy
the-white-stadium-1928,Switzerland
the-olympic-games-in-paris-1924-1925,France
the-olympic-games-as-they-were-practiced-in-ancient-greece-1924,France
the-1924-chamonix-olympic-games-1924,France
the-games-of-the-v-olympiad-stockholm-1912-2017,Sweden
the-games-of-the-v-olympiad-stockholm-1912-2017,Switzerland
personal-shopper-2016,Belgium
personal-shopper-2016,Czech Republic
personal-shopper-2016,France
personal-shopper-2016,Germany
personal-shopper-2016,United Kingdom
twin-peaks-fire-walk-with-me-1992,United States of America
barry-lyndon-1975,United Kingdom
barry-lyndon-1975,United States of America
the-lure-2015,Poland
david-lynch-the-art-life-2016,United States of America
the-piano-teacher-2001,France
the-piano-teacher-2001,Austria
certain-women-2016,United States of America
festival-1967,United States of America
poison-1951,France
meantime-1983,United Kingdom
the-breaking-point-1950,United States of America
stalker-1979,Soviet Union
lost-in-america-1985,United States of America
largent-1983,France
largent-1983,Switzerland
the-lodger-a-story-of-the-london-fog-1927,United Kingdom
césar-1936,France
fanny-1932,France
marius-1931,France
they-live-by-night-1948,United States of America
taipei-story-1985,Taiwan
law-of-the-border-1966,Turkey
limite-1931,Brazil
revenge-1989,Hong Kong
mysterious-object-at-noon-2000,Thailand
mysterious-object-at-noon-2000,Netherlands
insiang-1976,Philippines
ghost-world-2001,United Kingdom
ghost-world-2001,United States of America
ghost-world-2001,Germany
dheepan-2015,France
othello-1951,Italy
othello-1951,United States of America
othello-1951,Morocco
rumble-fish-1983,United States of America
tampopo-1985,Japan
woman-of-the-year-1942,United States of America
buena-vista-social-club-1999,Germany
buena-vista-social-club-1999,United States of America
buena-vista-social-club-1999,United Kingdom
buena-vista-social-club-1999,France
buena-vista-social-club-1999,Cuba
blowup-1966,United Kingdom
blowup-1966,United States of America
blowup-1966,Italy
being-there-1979,United States of America
multiple-maniacs-1970,United States of America
canoa-a-shameful-memory-1976,Mexico
45-years-2015,United Kingdom
mildred-pierce-1945,United States of America
before-midnight-2013,Greece
before-midnight-2013,United States of America
before-sunset-2004,United States of America
before-sunrise-1995,Austria
before-sunrise-1995,United States of America
women-on-the-verge-of-a-nervous-breakdown-1988,Spain
the-tree-of-wooden-clogs-1978,Italy
cameraperson-2016,United States of America
black-girl-1966,France
black-girl-1966,Senegal
fox-and-his-friends-1975,Germany
something-wild-1961,United States of America
his-girl-friday-1940,United States of America
roma-1972,France
roma-1972,Italy
the-asphalt-jungle-1950,United States of America
heart-of-a-dog-2015,United States of America
the-squid-and-the-whale-2005,United States of America
oneeyed-jacks-1961,United States of America
punchdrunk-love-2002,United States of America
dreams-1990,Japan
dreams-1990,United States of America
lone-wolf-and-cub-white-heaven-in-hell-1974,Japan
lone-wolf-and-cub-baby-cart-in-the-land-of-demons-1973,Japan
lone-wolf-and-cub-baby-cart-in-peril-1972,Japan
lone-wolf-and-cub-baby-cart-to-hades-1972,Japan
lone-wolf-and-cub-baby-cart-at-the-river-styx-1972,Japan
lone-wolf-and-cub-sword-of-vengeance-1972,Japan
the-executioner-1963,Germany
boyhood-2014,United States of America
pans-labyrinth-2006,Mexico
pans-labyrinth-2006,Spain
pans-labyrinth-2006,United States of America
dekalog-1989,Germany
dekalog-1989,Poland
beyond-the-valley-of-the-dolls-1970,United States of America
valley-of-the-dolls-1967,United States of America
blood-simple-1984,United States of America
cat-people-1942,United States of America
the-story-of-the-last-chrysanthemum-1939,Japan
the-immortal-story-1968,France
chimes-at-midnight-1965,Spain
chimes-at-midnight-1965,Switzerland
a-taste-of-honey-1961,United Kingdom
ingrid-bergman-in-her-own-words-2015,Finland
ingrid-bergman-in-her-own-words-2015,Germany
ingrid-bergman-in-her-own-words-2015,Netherlands
ingrid-bergman-in-her-own-words-2015,Sweden
mccabe-mrs-miller-1971,United States of America
the-new-world-2005,United States of America
a-touch-of-zen-1970,Hong Kong
a-touch-of-zen-1970,Taiwan
muriel-or-the-time-of-return-1963,Italy
muriel-or-the-time-of-return-1963,France
the-inlaws-1979,United States of America
clouds-of-sils-maria-2014,France
clouds-of-sils-maria-2014,Germany
clouds-of-sils-maria-2014,Switzerland
clouds-of-sils-maria-2014,United States of America
dr-strangelove-or-how-i-learned-to-stop-worrying-and-love-the-bomb-1964,United Kingdom
dr-strangelove-or-how-i-learned-to-stop-worrying-and-love-the-bomb-1964,United States of America
fantastic-planet-1973,Czechoslovakia
fantastic-planet-1973,France
here-comes-mr-jordan-1941,United States of America
la-chienne-1931,France
le-amiche-1955,Italy
kings-of-the-road-1976,Germany
wrong-move-1975,Germany
alice-in-the-cities-1974,Germany
the-player-1992,United States of America
the-naked-island-1960,Japan
in-a-lonely-place-1950,United States of America
phoenix-2014,Germany
faces-of-november-1964,United States of America
crisis-behind-a-presidential-commitment-1963,United States of America
adventures-on-the-new-frontier-1961,United States of America
primary-1960,United States of America
barcelona-1994,United States of America
only-angels-have-wings-1939,United States of America
a-poem-is-a-naked-person-1974,United States of America
a-brighter-summer-day-1991,Taiwan
the-manchurian-candidate-1962,United States of America
paris-belongs-to-us-1961,France
i-knew-her-well-1965,Italy
i-knew-her-well-1965,France
i-knew-her-well-1965,Germany
the-graduate-1967,United States of America
the-kid-1921,United States of America
death-by-hanging-1968,Japan
the-new-land-1972,Sweden
the-emigrants-1971,Sweden
gilda-1946,United States of America
inside-llewyn-davis-2013,France
inside-llewyn-davis-2013,United Kingdom
inside-llewyn-davis-2013,United States of America
the-american-friend-1977,France
the-american-friend-1977,Germany
bitter-rice-1949,Italy
lady-snowblood-2-love-song-of-vengeance-1974,Japan
lady-snowblood-1973,Japan
burroughs-the-movie-1983,United States of America
speedy-1928,United States of America
jellyfish-eyes-2013,Japan
dont-look-back-1967,United States of America
apur-sansar-1959,India
aparajito-1956,India
pather-panchali-1955,India
in-cold-blood-1967,United States of America
code-unknown-2000,France
code-unknown-2000,Germany
code-unknown-2000,Romania
mulholland-drive-2001,France
mulholland-drive-2001,United States of America
a-special-day-1977,Italy
a-special-day-1977,Canada
the-brood-1979,Canada
moonrise-kingdom-2012,United States of America
a-room-with-a-view-1986,United Kingdom
mister-johnson-1990,United States of America
breaker-morant-1980,Australia
blind-chance-1987,Poland
two-days-one-night-2014,Belgium
two-days-one-night-2014,France
two-days-one-night-2014,Italy
dressed-to-kill-1980,United States of America
day-for-night-1973,France
day-for-night-1973,Italy
the-french-lieutenants-woman-1981,United Kingdom
my-beautiful-laundrette-1985,United Kingdom
here-is-your-life-1966,Sweden
the-black-stallion-1979,United States of America
the-fisher-king-1991,United States of America
the-bridge-1959,Germany
a-master-builder-2013,United States of America
valerie-and-her-week-of-wonders-1970,Czechoslovakia
state-of-siege-1972,France
state-of-siege-1972,Germany
state-of-siege-1972,Italy
the-confession-1970,France
the-confession-1970,Italy
the-merchant-of-four-seasons-1972,Germany
the-rose-1979,United States of America
limelight-1952,United States of America
le-silence-de-la-mer-1949,France
odd-man-out-1947,United Kingdom
the-thin-blue-line-1988,United States of America
vernon-florida-1981,Germany
vernon-florida-1981,United States of America
gates-of-heaven-1978,United States of America
ride-the-pink-horse-1947,United States of America
the-soft-skin-1964,France
watership-down-1978,United Kingdom
satyricon-1969,Italy
a-day-in-the-country-1946,France
dont-look-now-1973,Italy
dont-look-now-1973,United Kingdom
every-man-for-himself-1980,Austria
every-man-for-himself-1980,France
every-man-for-himself-1980,Germany
every-man-for-himself-1980,Switzerland
la-ciénaga-2001,Argentina
la-ciénaga-2001,France
la-ciénaga-2001,Spain
the-palm-beach-story-1942,United States of America
my-winnipeg-2007,Canada
the-bitter-tears-of-petra-von-kant-1972,Germany
safe-1995,United Kingdom
safe-1995,United States of America
tootsie-1982,United States of America
sworn-to-the-drum-a-tribute-to-francisco-aguabella-1995,NA
the-maestro-king-of-the-cowboy-artists-1995,United States of America
yum-yum-yum-a-taste-of-the-cajun-and-creole-cooking-of-louisiana-1990,United States of America
gaptoothed-women-1987,United States of America
in-heaven-there-is-no-beer-1984,United States of America
sprout-wings-and-fly-1983,United States of America
garlic-is-as-good-as-ten-mothers-1980,United States of America
always-for-pleasure-1978,United States of America
hot-pepper-1973,United States of America
dry-wood-1973,United States of America
a-well-spent-life-1971,United States of America
spend-it-all-1972,United States of America
god-respects-us-when-we-work-but-loves-us-when-we-dance-1968,United States of America
the-blues-accordin-to-lightnin-hopkins-1968,United States of America
it-happened-one-night-1934,United States of America
ride-in-the-whirlwind-1966,United States of America
the-shooting-1966,United States of America
la-dolce-vita-1960,France
la-dolce-vita-1960,Italy
my-darling-clementine-1946,United States of America
parade-1974,France
parade-1974,Sweden
jour-de-fête-1949,France
sundays-and-cybele-1962,France
the-innocents-1961,United Kingdom
macbeth-1971,United Kingdom
macbeth-1971,United States of America
eraserhead-1977,United States of America
all-that-jazz-1979,United States of America
y-tu-mamá-también-2001,Mexico
tie-me-up-tie-me-down-1989,Spain
love-streams-1984,United States of America
the-big-chill-1983,United States of America
a-room-in-town-1982,France
donkey-skin-1970,France
the-young-girls-of-rochefort-1967,France
the-umbrellas-of-cherbourg-1964,France
the-umbrellas-of-cherbourg-1964,Germany
bay-of-angels-1963,France
lola-1961,France
lola-1961,Italy
scanners-1981,Canada
a-hard-days-night-1964,United Kingdom
judex-1963,France
judex-1963,Italy
red-river-1948,United States of America
like-someone-in-love-2012,France
like-someone-in-love-2012,Japan
il-sorpasso-1962,Italy
master-of-the-house-1925,Denmark
breaking-the-waves-1996,Denmark
breaking-the-waves-1996,France
breaking-the-waves-1996,Netherlands
breaking-the-waves-1996,Norway
breaking-the-waves-1996,Sweden
riot-in-cell-block-11-1954,United States of America
the-freshman-1925,United States of America
the-great-beauty-2013,France
the-great-beauty-2013,Italy
persona-1966,Sweden
fantastic-mr-fox-2009,United States of America
a-brief-history-of-time-1991,Japan
a-brief-history-of-time-1991,United Kingdom
a-brief-history-of-time-1991,United States of America
king-of-the-hill-1993,United States of America
tess-1979,France
tess-1979,United Kingdom
foreign-correspondent-1940,United States of America
blue-is-the-warmest-color-2013,Belgium
blue-is-the-warmest-color-2013,France
blue-is-the-warmest-color-2013,Spain
the-long-day-closes-1992,United Kingdom
la-vie-de-bohème-1992,France
la-vie-de-bohème-1992,Finland
la-vie-de-bohème-1992,Germany
la-vie-de-bohème-1992,Sweden
its-a-mad-mad-mad-mad-world-1963,United States of America
thief-1981,United States of America
the-housemaid-1960,South Korea
trances-1981,France
trances-1981,Morocco
dry-summer-1963,Turkey
a-river-called-titas-1973,Bangladesh
a-river-called-titas-1973,India
redes-1936,Mexico
touki-bouki-1973,Senegal
nashville-1975,United States of America
investigation-of-a-citizen-above-suspicion-1970,Italy
frances-ha-2012,Brazil
frances-ha-2012,United States of America
city-lights-1931,United States of America
zatoichis-conspiracy-1973,Japan
zatoichi-in-desperation-1972,Japan
zatoichi-at-large-1972,Japan
zatoichi-meets-the-onearmed-swordsman-1971,Hong Kong
zatoichi-meets-the-onearmed-swordsman-1971,Japan
zatoichi-goes-to-the-fire-festival-1970,Japan
zatoichi-meets-yojimbo-1970,Japan
samaritan-zatoichi-1968,Japan
zatoichi-and-the-fugitives-1968,Japan
zatoichi-challenged-1967,Japan
zatoichi-the-outlaw-1967,Japan
zatoichis-cane-sword-1967,Japan
zatoichis-pilgrimage-1966,Japan
zatoichis-vengeance-1966,Japan
zatoichi-and-the-chess-expert-1965,Japan
zatoichi-and-the-doomed-man-1965,Japan
zatoichis-revenge-1965,Japan
adventures-of-zatoichi-1964,Japan
fight-zatoichi-fight-1964,Japan
zatoichis-flashing-sword-1964,Japan
zatoichi-and-the-chest-of-gold-1964,Japan
zatoichi-on-the-road-1963,Japan
zatoichi-the-fugitive-1963,Japan
new-tale-of-zatoichi-1963,Japan
the-tale-of-zatoichi-continues-1962,Japan
the-tale-of-zatoichi-1962,Japan
la-notte-1961,Italy
la-notte-1961,France
the-uninvited-1944,United States of America
i-married-a-witch-1942,United States of America
journey-to-italy-1954,Italy
journey-to-italy-1954,France
europa-51-1952,Italy
stromboli-1950,Italy
stromboli-1950,United States of America
la-cage-aux-folles-1978,France
la-cage-aux-folles-1978,Italy
to-be-or-not-to-be-1942,United States of America
charulata-1964,India
the-big-city-1963,India
seconds-1966,United States of America
the-devils-backbone-2001,Spain
the-devils-backbone-2001,Mexico
babettes-feast-1987,Denmark
the-life-of-oharu-1952,Japan
shoah-1985,France
safety-last-1923,United States of America
marketa-lazarová-1967,Czechoslovakia
things-to-come-1936,United Kingdom
life-is-sweet-1990,United Kingdom
medium-cool-1969,United States of America
310-to-yuma-1957,United States of America
jubal-1956,United States of America
land-of-milk-and-honey-1971,France
le-grand-amour-1969,France
as-long-as-youve-got-your-health-1966,France
yoyo-1965,France
the-suitor-1962,France
repo-man-1984,United States of America
gate-of-hell-1953,Japan
monsieur-verdoux-1947,United States of America
badlands-1973,United States of America
a-man-escaped-1956,France
ministry-of-fear-1944,United States of America
chronicle-of-a-summer-1961,France
on-the-waterfront-1954,United States of America
the-kid-with-a-bike-2011,Belgium
the-kid-with-a-bike-2011,France
the-kid-with-a-bike-2011,Italy
the-ballad-of-narayama-1958,Japan
pina-2011,Germany
pina-2011,France
the-man-who-knew-too-much-1934,United Kingdom
naqoyqatsi-2002,United States of America
powaqqatsi-1988,United States of America
koyaanisqatsi-1982,United States of America
following-1998,United Kingdom
following-1998,United States of America
purple-noon-1960,France
purple-noon-1960,Italy
heavens-gate-1980,United States of America
weekend-1967,Belgium
arabian-nights-1974,France
arabian-nights-1974,Italy
the-canterbury-tales-1972,France
the-canterbury-tales-1972,Italy
the-decameron-1971,France
the-decameron-1971,Germany
the-decameron-1971,Italy
rosemarys-baby-1968,United States of America
sunday-bloody-sunday-1971,United Kingdom
the-forgiveness-of-blood-2011,Albania
the-forgiveness-of-blood-2011,Denmark
the-forgiveness-of-blood-2011,Italy
the-forgiveness-of-blood-2011,United Kingdom
the-forgiveness-of-blood-2011,United States of America
the-game-1997,United States of America
the-devils-envoys-1942,France
eating-raoul-1982,United States of America
quadrophenia-1979,United Kingdom
lonesome-1928,United States of America
weekend-2011,United Kingdom
rosetta-1999,Belgium
rosetta-1999,France
la-promesse-1996,Belgium
la-promesse-1996,Luxembourg
la-promesse-1996,Tunisia
le-havre-2011,Finland
le-havre-2011,France
le-havre-2011,Germany
grays-anatomy-1996,United Kingdom
grays-anatomy-1996,United States of America
and-everything-is-going-fine-2010,United States of America
shallow-grave-1994,United Kingdom
the-gold-rush-1925,United States of America
summer-with-monika-1953,Sweden
summer-interlude-1951,Sweden
certified-copy-2010,France
certified-copy-2010,Italy
certified-copy-2010,Belgium
being-john-malkovich-1999,United States of America
the-organizer-1963,France
the-organizer-1963,Italy
the-organizer-1963,Yugoslavia
alambrista-1977,United States of America
harold-and-maude-1971,United States of America
gloria-1979,United States of America
winter-solstice-1974,United States of America
magellan-at-the-gates-of-death-part-i-the-red-gate-i-0-1976,United States of America
ingenivm-nobis-ipsa-pvella-fecit-part-i-1974,United States of America
pan-700-1974,United States of America
pan-699-1974,United States of America
pan-698-1974,United States of America
pan-697-1974,United States of America
pan-4-1974,United States of America
pan-3-1974,United States of America
pan-2-1974,United States of America
pan-1-1974,United States of America
pan-0-1974,United States of America
the-birth-of-magellan-cadenza-i-1977,United States of America
hapax-legomena-iii-critical-mass-1971,United States of America
hapax-legomena-ii-poetic-justice-1972,United States of America
hapax-legomena-i-nostalgia-1971,United States of America
zorns-lemma-1970,United States of America
lemon-1969,United States of America
carrots-peas-1969,United States of America
surface-tension-1968,United States of America
maxwells-demon-1968,United States of America
process-red-1966,United States of America
manual-of-arms-1966,United States of America
blithe-spirit-1945,United Kingdom
this-happy-breed-1944,United Kingdom
in-which-we-serve-1942,United Kingdom
the-war-room-1993,United States of America
letter-never-sent-1960,Soviet Union
anatomy-of-a-murder-1959,United States of America
vanya-on-42nd-street-1994,United States of America
vanya-on-42nd-street-1994,United Kingdom
world-on-a-wire-1973,Germany
tiny-furniture-2010,United States of America
three-outlaw-samurai-1964,Japan
the-moment-of-truth-1965,Italy
the-moment-of-truth-1965,Spain
godzilla-1954,Japan
belle-de-jour-1967,France
belle-de-jour-1967,Italy
design-for-living-1933,United States of America
12-angry-men-1957,United States of America
three-colours-red-1994,France
three-colours-red-1994,Poland
three-colours-red-1994,Switzerland
three-colours-white-1994,France
three-colours-white-1994,Poland
three-colours-white-1994,Switzerland
three-colours-blue-1993,France
three-colours-blue-1993,Poland
three-colours-blue-1993,Switzerland
island-of-lost-souls-1932,United States of America
identification-of-a-woman-1982,France
identification-of-a-woman-1982,Italy
kuroneko-1968,Japan
the-four-feathers-1939,United Kingdom
carlos-2010,Germany
carlos-2010,France
the-cousins-1959,France
le-beau-serge-1958,France
the-phantom-carriage-1921,Sweden
latalante-1934,France
zero-for-conduct-1933,France
taris-1931,France
à-propos-de-nice-1930,France
culdesac-1966,United Kingdom
secret-sunshine-2007,South Korea
the-killing-1956,United States of America
life-during-wartime-2009,United States of America
the-music-room-1958,India
léon-morin-priest-1961,France
léon-morin-priest-1961,Italy
black-moon-1975,Germany
black-moon-1975,France
zazie-dans-le-métro-1960,France
people-on-sunday-1930,Germany
kiss-me-deadly-1955,United States of America
the-makioka-sisters-1983,Japan
insignificance-1985,United Kingdom
the-great-dictator-1940,United States of America
pale-flower-1964,Japan
something-wild-1986,United States of America
blow-out-1981,United States of America
kes-1969,United Kingdom
white-material-2009,France
the-mikado-1939,United Kingdom
topsyturvy-1999,United Kingdom
topsyturvy-1999,United States of America
the-times-of-harvey-milk-1984,United States of America
senso-1954,Italy
sweet-smell-of-success-1957,United States of America
still-walking-2008,Japan
fish-tank-2009,Netherlands
fish-tank-2009,United Kingdom
broadcast-news-1987,United States of America
cronos-1992,Mexico
the-king-of-marvin-gardens-1972,United States of America
the-last-picture-show-1971,United States of America
a-safe-place-1971,United States of America
drive-he-said-1971,United States of America
five-easy-pieces-1970,United States of America
easy-rider-1969,United States of America
head-1968,United States of America
modern-times-1936,United States of America
antichrist-2009,Denmark
antichrist-2009,France
antichrist-2009,Germany
antichrist-2009,Italy
antichrist-2009,Poland
antichrist-2009,Sweden
the-night-of-the-hunter-1955,United States of America
the-darjeeling-limited-2007,United States of America
house-1977,Japan
paths-of-glory-1957,United States of America
the-magician-1958,Sweden
the-thin-red-line-1998,United States of America
merry-christmas-mr-lawrence-1983,Japan
merry-christmas-mr-lawrence-1983,New Zealand
merry-christmas-mr-lawrence-1983,United Kingdom
naked-childhood-1968,France
crumb-1994,United States of America
louie-bluie-1985,United States of America
the-docks-of-new-york-1928,United States of America
the-last-command-1928,United States of America
underworld-1927,United States of America
the-secret-of-the-grain-2007,France
the-secret-of-the-grain-2007,Tunisia
there-was-a-father-1942,Japan
the-only-son-1936,Japan
night-train-to-munich-1940,United Kingdom
red-desert-1964,France
red-desert-1964,Italy
mystery-train-1989,Japan
mystery-train-1989,United States of America
everlasting-moments-2008,Denmark
everlasting-moments-2008,Finland
everlasting-moments-2008,Germany
everlasting-moments-2008,Norway
everlasting-moments-2008,Sweden
closeup-1990,Iran
chinese-series-2003,United States of America
persian-series-3-1999,United States of America
persian-series-2-1999,United States of America
persian-series-1-1999,United States of America
-reel-5-1998,United States of America
yggdrasill-whose-roots-are-stars-in-the-human-mind-1997,NA
the-cat-of-the-worms-green-realm-1997,United States of America
i-take-these-truths-1995,United States of America
from-first-hymn-to-the-night-novalis-1994,United States of America
the-mammals-of-victoria-1994,United States of America
boulder-blues-and-pearls-and-1993,United States of America
unconscious-london-strata-1981,United Kingdom
unconscious-london-strata-1981,United States of America
visions-in-meditation-4-dh-lawrence-1990,United States of America
visions-in-meditation-3-platos-cave-1990,United States of America
visions-in-meditation-2-mesa-verde-1989,United States of America
visions-in-meditation-1-1989,United States of America
arabic-numeral-series-12-1981,United States of America
murder-psalm-1980,United States of America
the-domain-of-the-moment-1977,United States of America
duplicity-iii-1980,United States of America
burial-path-1978,United States of America
the-process-1972,United States of America
desert-1976,United States of America
star-garden-1974,United States of America
the-machine-of-eden-1970,United States of America
scenes-from-under-childhood-section-one-1968,United States of America
23rd-psalm-branch-1967,United States of America
two-creeleymcclure-1965,United States of America
the-dead-1960,United States of America
the-dead-1960,France
the-wonder-ring-1955,United States of America
stagecoach-1939,United States of America
the-fugitive-kind-1960,United States of America
ride-with-the-devil-1999,United States of America
summer-hours-2008,France
vivre-sa-vie-1962,France
colossal-youth-2006,Portugal
colossal-youth-2006,Switzerland
colossal-youth-2006,France
in-vandas-room-2000,Portugal
in-vandas-room-2000,Germany
in-vandas-room-2000,Switzerland
ossos-1997,Denmark
ossos-1997,France
ossos-1997,Portugal
bigger-than-life-1956,United States of America
dillinger-is-dead-1969,Italy
make-way-for-tomorrow-1937,United States of America
hunger-2008,Ireland
hunger-2008,United Kingdom
lola-montès-1955,France
lola-montès-1955,Germany
revanche-2008,Austria
paris-texas-1984,United Kingdom
paris-texas-1984,Germany
paris-texas-1984,France
germany-year-zero-1948,France
germany-year-zero-1948,Germany
germany-year-zero-1948,Italy
paisan-1946,Italy
rome-open-city-1945,Italy
che-part-two-2008,United States of America
che-part-two-2008,Spain
che-part-two-2008,France
che-part-one-2008,United States of America
che-part-one-2008,Spain
che-part-one-2008,France
days-of-wine-and-roses-1958,United States of America
the-comedian-1957,United States of America
requiem-for-a-heavyweight-1956,United States of America
bang-the-drum-slowly-1956,United States of America
a-wind-from-the-south-1955,United States of America
no-time-for-sergeants-1955,United States of America
patterns-1955,NA
marty-1953,United States of America
downhill-racer-1969,United States of America
gomorrah-2008,Italy
a-christmas-tale-2008,France
z-1969,Algeria
z-1969,France
wings-of-desire-1987,Germany
wings-of-desire-1987,France
monsoon-wedding-2001,France
monsoon-wedding-2001,Germany
monsoon-wedding-2001,Italy
monsoon-wedding-2001,United States of America
monsoon-wedding-2001,India
howards-end-1992,United Kingdom
howards-end-1992,Japan
that-hamilton-woman-1941,United States of America
homicide-1991,United States of America
the-last-days-of-disco-1998,United States of America
jeanne-dielman-23-quai-du-commerce-1080-bruxelles-1975,Belgium
jeanne-dielman-23-quai-du-commerce-1080-bruxelles-1975,France
repulsion-1965,United Kingdom
2-or-3-things-i-know-about-her-1967,France
made-in-usa-1966,France
the-human-condition-iii-a-soldiers-prayer-1961,Japan
the-human-condition-ii-road-to-eternity-1959,Japan
the-human-condition-i-no-greater-love-1959,Japan
my-dinner-with-andre-1981,United States of America
last-year-at-marienbad-1961,France
last-year-at-marienbad-1961,Italy
bergman-island-2006,Denmark
bergman-island-2006,Finland
bergman-island-2006,Norway
bergman-island-2006,Sweden
the-curious-case-of-benjamin-button-2008,United States of America
the-friends-of-eddie-coyle-1973,United States of America
intentions-of-murder-1964,Japan
the-insect-woman-1963,Japan
pigs-and-battleships-1961,Japan
wise-blood-1979,United States of America
the-hit-1984,United Kingdom
bluebeard-1936,France
similarities-between-length-and-speed-1937,France
voyage-to-the-sky-1937,France
the-struggle-for-survival-1937,France
the-fourth-dimension-1936,France
experimental-treatment-of-a-hemorrhage-in-a-dog-1930,France
the-sticklebacks-eggs-1925,France
daphnia-1928,France
sea-urchins-1929,France
the-octopus-1928,France
pigeons-in-the-square-1982,France
diatoms-1968,France
sea-ballerinas-1956,France
freshwater-assassins-1947,France
the-vampire-1945,France
acera-or-the-witches-dance-1972,France
shrimp-stories-1964,France
the-love-life-of-an-octopus-1967,France
the-sea-horse-1935,France
liquid-crystals-1978,France
how-some-jellyfish-are-born-1960,France
sea-urchins-1954,France
hyas-and-stenorhynchus-1929,France
empire-of-passion-1978,Japan
empire-of-passion-1978,France
in-the-realm-of-the-senses-1976,Japan
in-the-realm-of-the-senses-1976,France
dodeskaden-1970,Japan
danton-1983,France
danton-1983,Poland
general-della-rovere-1959,France
general-della-rovere-1959,Italy
the-last-metro-1980,France
hobsons-choice-1954,United Kingdom
simon-of-the-desert-1965,Mexico
the-exterminating-angel-1962,Mexico
el-norte-1983,United States of America
magnificent-obsession-1954,United States of America
the-taking-of-power-by-louis-xiv-1966,France
white-dog-1982,United States of America
europa-1991,Denmark
europa-1991,France
europa-1991,Germany
europa-1991,Sweden
chungking-express-1994,Hong Kong
the-spy-who-came-in-from-the-cold-1965,United Kingdom
fanfan-the-tulip-1952,France
fanfan-the-tulip-1952,Italy
bottle-rocket-1996,United States of America
missing-1982,United States of America
le-deuxième-souffle-1966,France
le-doulos-1962,France
le-doulos-1962,Italy
an-autumn-afternoon-1962,Japan
the-earrings-of-madame-de-1953,France
the-earrings-of-madame-de-1953,Italy
le-plaisir-1952,France
la-ronde-1950,France
twentyfour-eyes-1954,Japan
the-small-back-room-1949,United Kingdom
brand-upon-the-brain-2006,Canada
brand-upon-the-brain-2006,United States of America
trafic-1971,France
trafic-1971,Italy
mon-oncle-antoine-1971,Canada
vampyr-1932,France
vampyr-1932,Germany
before-the-rain-1994,United Kingdom
before-the-rain-1994,Macedonia
before-the-rain-1994,France
the-furies-1950,United States of America
the-big-risk-1960,France
the-big-risk-1960,Italy
patriotism-1966,Japan
mishima-a-life-in-four-chapters-1985,Japan
mishima-a-life-in-four-chapters-1985,United States of America
the-thief-of-bagdad-1940,United Kingdom
the-thief-of-bagdad-1940,United States of America
the-fire-within-1963,France
the-lovers-1958,France
blast-of-silence-1961,United States of America
death-of-a-cyclist-1955,Spain
death-of-a-cyclist-1955,Italy
the-ice-storm-1997,France
the-ice-storm-1997,United States of America
antonio-gaudí-1984,Japan
mafioso-1962,Italy
walker-1987,Mexico
walker-1987,Nicaragua
walker-1987,Spain
walker-1987,United States of America
the-last-emperor-1987,China
the-last-emperor-1987,France
the-last-emperor-1987,Italy
the-last-emperor-1987,United Kingdom
pierrot-le-fou-1965,France
pierrot-le-fou-1965,Italy
le-bonheur-1965,France
la-pointe-courte-1955,France
this-sporting-life-1963,United Kingdom
miss-julie-1951,Sweden
the-naked-prey-1965,United States of America
the-naked-prey-1965,South Africa
twolane-blacktop-1971,United States of America
drunken-angel-1948,Japan
sawdust-and-tinsel-1953,Sweden
berlin-alexanderplatz-1980,Germany
under-the-volcano-1984,United States of America
under-the-volcano-1984,Mexico
days-of-heaven-1978,United States of America
breathless-1960,France
mala-noche-1986,United States of America
night-journey-1960,United States of America
a-dancers-world-1957,United States of America
appalachian-spring-1959,United States of America
the-3-penny-opera-1931,Germany
robinson-crusoe-on-mars-1964,United States of America
cria-1976,Spain
the-milky-way-1969,Germany
the-milky-way-1969,France
the-milky-way-1969,Italy
night-on-earth-1991,United States of America
night-on-earth-1991,Japan
night-on-earth-1991,France
night-on-earth-1991,Germany
night-on-earth-1991,United Kingdom
stranger-than-paradise-1984,United States of America
stranger-than-paradise-1984,Germany
house-of-games-1987,United States of America
the-strange-ones-1950,France
ivans-childhood-1962,Soviet Union
ace-in-the-hole-1951,United States of America
the-face-of-another-1966,Japan
woman-in-the-dunes-1964,Japan
pitfall-1962,Japan
if-1968,United Kingdom
sweet-movie-1974,Canada
sweet-movie-1974,Germany
sweet-movie-1974,France
wr-mysteries-of-the-organism-1971,Germany
wr-mysteries-of-the-organism-1971,Yugoslavia
the-two-of-us-1967,France
sans-soleil-1983,France
la-jetée-1962,France
sansho-the-bailiff-1954,Japan
army-of-shadows-1969,France
army-of-shadows-1969,Italy
vengeance-is-mine-1979,Japan
brute-force-1947,United States of America
overlord-1975,United Kingdom
la-haine-1995,France
the-naked-city-1948,United States of America
the-burmese-harp-1956,Japan
fires-on-the-plain-1959,Japan
when-a-woman-ascends-the-stairs-1960,Japan
49th-parallel-1941,United Kingdom
green-for-danger-1946,United Kingdom
bicycle-thieves-1948,Italy
the-proud-valley-1940,United Kingdom
sanders-of-the-river-1935,United Kingdom
body-and-soul-1925,United States of America
emperor-jones-1933,United States of America
paul-robeson-tribute-to-an-artist-1979,United States of America
native-land-1942,United States of America
jericho-1937,United Kingdom
borderline-1930,Switzerland
borderline-1930,United Kingdom
corridors-of-blood-1958,United Kingdom
grip-of-the-strangler-1958,United Kingdom
the-atomic-submarine-1959,United States of America
first-man-into-space-1959,United Kingdom
mouchette-1967,France
border-radio-1987,United States of America
the-beales-of-grey-gardens-2006,United States of America
symbiopsychotaxiplasm-take-2½-2005,United States of America
symbiopsychotaxiplasm-take-one-1968,United States of America
the-double-life-of-véronique-1991,France
the-double-life-of-véronique-1991,Norway
the-double-life-of-véronique-1991,Poland
pandoras-box-1929,Germany
the-fallen-idol-1948,United Kingdom
sweetie-1989,Australia
hands-over-the-city-1963,Italy
clean-shaven-1993,United States of America
sólo-con-tu-pareja-1991,Mexico
jigoku-1960,Japan
the-spirit-of-the-beehive-1973,Spain
seduced-and-abandoned-1964,Italy
seduced-and-abandoned-1964,France
kicking-and-screaming-1995,United States of America
love-in-the-afternoon-1972,France
claires-knee-1970,France
la-collectionneuse-1967,France
my-night-at-mauds-1969,France
suzannes-career-1963,France
the-bakery-girl-of-monceau-1963,France
a-canterbury-tale-1944,United Kingdom
koko-a-talking-gorilla-1978,France
yi-yi-2000,Taiwan
yi-yi-2000,Japan
equinox-1970,United States of America
a-nos-amours-1983,France
dazed-and-confused-1993,United States of America
elevator-to-the-gallows-1958,France
harlan-county-usa-1976,United States of America
fists-in-the-pocket-1965,Italy
viridiana-1961,Spain
viridiana-1961,Mexico
late-spring-1949,Japan
au-revoir-les-enfants-1987,Germany
au-revoir-les-enfants-1987,France
lacombe-lucien-1974,Germany
lacombe-lucien-1974,France
lacombe-lucien-1974,Italy
murmur-of-the-heart-1971,France
murmur-of-the-heart-1971,Germany
murmur-of-the-heart-1971,Italy
metropolitan-1990,United States of America
kind-hearts-and-coronets-1949,United Kingdom
la-bête-humaine-1938,France
the-children-are-watching-us-1943,Italy
mr-arkadin-1955,France
mr-arkadin-1955,Spain
mr-arkadin-1955,Switzerland
the-virgin-spring-1960,Sweden
young-mr-lincoln-1939,United States of America
the-bad-sleep-well-1960,Japan
forbidden-games-1952,France
the-tales-of-hoffmann-1951,United Kingdom
ran-1985,Japan
ran-1985,France
shoot-the-piano-player-1960,France
pickpocket-1959,France
kill-1968,Italy
samurai-spy-1965,Japan
sword-of-the-beast-1965,Japan
samurai-rebellion-1967,Japan
ugetsu-1953,Japan
masculin-féminin-1966,France
masculin-féminin-1966,Sweden
naked-1993,United Kingdom
le-samouraï-1967,France
le-samouraï-1967,Italy
boudu-saved-from-drowning-1932,France
the-man-who-fell-to-earth-1976,United Kingdom
bad-timing-1980,United Kingdom
harakiri-1962,Japan
an-angel-at-my-table-1990,Australia
an-angel-at-my-table-1990,New Zealand
an-angel-at-my-table-1990,United Kingdom
the-life-aquatic-with-steve-zissou-2004,United States of America
story-of-a-prostitute-1965,Japan
gate-of-flesh-1964,Japan
au-hasard-balthazar-1966,France
au-hasard-balthazar-1966,Sweden
le-notti-bianche-1957,France
le-notti-bianche-1957,Italy
crazed-fruit-1956,Japan
the-browning-version-1951,United Kingdom
the-flowers-of-st-francis-1950,Italy
unfaithfully-yours-1948,United States of America
heaven-can-wait-1943,United States of America
the-phantom-of-liberty-1974,France
hoop-dreams-1994,United States of America
f-for-fake-1973,France
f-for-fake-1973,Germany
f-for-fake-1973,Iran
burden-of-dreams-1982,Peru
burden-of-dreams-1982,United States of America
divorce-italian-style-1961,Italy
ashes-and-diamonds-1958,Poland
kanal-1957,Poland
a-generation-1955,Poland
jules-and-jim-1962,France
the-sword-of-doom-1966,Japan
young-törless-1966,Germany
young-törless-1966,France
leclisse-1962,France
leclisse-1962,Italy
my-own-private-idaho-1991,United States of America
the-river-1951,France
the-river-1951,India
tout-va-bien-1972,France
tout-va-bien-1972,Italy
night-and-the-city-1950,United Kingdom
thieves-highway-1949,United States of America
la-commare-secca-1962,Italy
touchez-pas-au-grisbi-1954,France
touchez-pas-au-grisbi-1954,Italy
casque-dor-1952,France
fighting-elegy-1966,Japan
youth-of-the-beast-1963,Japan
kagemusha-1980,Japan
kagemusha-1980,United States of America
the-king-of-kings-1927,United States of America
short-cuts-1993,United States of America
the-making-of-fanny-and-alexander-1984,Sweden
fanny-and-alexander-1984,Sweden
fanny-and-alexander-1984,Germany
fanny-and-alexander-1984,France
fanny-and-alexander-1982,Sweden
fanny-and-alexander-1982,Germany
fanny-and-alexander-1982,France
eyes-without-a-face-1960,France
eyes-without-a-face-1960,Italy
fat-girl-2001,France
fat-girl-2001,Italy
tanner-88-1988,United States of America
secret-honor-1984,United States of America
a-constant-forge-2000,United States of America
opening-night-1977,United States of America
the-killing-of-a-chinese-bookie-1976,United States of America
a-woman-under-the-influence-1974,United States of America
faces-1968,United States of America
shadows-1958,United States of America
the-battle-of-algiers-1966,Italy
the-battle-of-algiers-1966,Algeria
videodrome-1983,Canada
slacker-1990,United States of America
i-vitelloni-1953,France
i-vitelloni-1953,Italy
port-of-shadows-1938,France
elena-and-her-men-1956,France
elena-and-her-men-1956,Italy
french-cancan-1955,France
french-cancan-1955,Italy
the-golden-coach-1952,France
the-golden-coach-1952,Italy
early-summer-1951,Japan
the-lower-depths-1957,Japan
the-lower-depths-1936,France
a-woman-is-a-woman-1961,France
a-woman-is-a-woman-1961,Italy
smiles-of-a-summer-night-1955,Sweden
mamma-roma-1962,Italy
the-leopard-1963,France
the-leopard-1963,Italy
the-tin-drum-1979,France
the-tin-drum-1979,Germany
the-tin-drum-1979,Yugoslavia
stray-dog-1949,Japan
floating-weeds-1959,Japan
a-story-of-floating-weeds-1934,Japan
the-testament-of-dr-mabuse-1933,Germany
the-testament-of-dr-mabuse-1933,France
3-women-1977,United States of America
scenes-from-a-marriage-1974,Sweden
scenes-from-a-marriage-1973,Sweden
salvatore-giuliano-1962,Italy
le-corbeau-1943,France
onibaba-1964,Japan
tunes-of-glory-1960,United Kingdom
pickup-on-south-street-1953,United States of America
maîtresse-1976,France
diary-of-a-country-priest-1951,France
ikiru-1952,Japan
naked-lunch-1991,Canada
naked-lunch-1991,United Kingdom
la-strada-1954,Italy
le-cercle-rouge-1970,France
le-cercle-rouge-1970,Italy
tokyo-story-1953,Japan
the-rules-of-the-game-1939,France
knife-in-the-water-1962,Poland
all-that-money-can-buy-1941,United States of America
richard-iii-1955,United Kingdom
ingmar-bergman-makes-a-movie-1963,Sweden
the-silence-1963,Sweden
winter-light-1963,Sweden
through-a-glass-darkly-1961,Sweden
the-pornographers-1966,Japan
lola-1981,Germany
veronika-voss-1982,Germany
the-marriage-of-maria-braun-1979,Germany
indiscretion-of-an-american-wife-1953,Italy
umberto-d-1952,Italy
the-honeymoon-killers-1970,United States of America
schizopolis-1996,United States of America
ali-fear-eats-the-soul-1974,Germany
night-and-fog-1956,France
hiroshima-mon-amour-1959,France
hiroshima-mon-amour-1959,Japan
the-fiancés-1963,Italy
il-posto-1961,Italy
jenny-lamour-1947,France
coup-de-grâce-1976,Germany
coup-de-grâce-1976,France
jubilee-1978,United Kingdom
throne-of-blood-1957,Japan
the-white-sheik-1952,Italy
love-on-the-run-1979,France
bed-and-board-1970,France
bed-and-board-1970,Italy
stolen-kisses-1968,France
lovesong-2001,United States of America
comingled-containers-1996,United States of America
the-dark-tower-1999,United States of America
crack-glass-eulogy-1991,United States of America
stellar-1993,United States of America
study-in-color-and-black-and-white-1993,United States of America
black-ice-1994,United States of America
untitled-for-marilyn-1992,United States of America
delicacies-of-molten-horror-synapse-1991,United States of America
glaze-of-cathexis-1990,United States of America
rage-net-1988,United States of America
night-music-1986,United States of America
the-dante-quartet-1987,United States of America
i-dreaming-1988,United States of America
kindering-1987,United States of America
the-stars-are-beautiful-1974,United States of America
the-garden-of-earthly-delights-1981,United States of America
the-woldshadow-1972,United States of America
eye-myth-1967,United States of America
mothlight-1963,United States of America
window-water-baby-moving-1959,United States of America
cats-cradle-1959,United States of America
the-act-of-seeing-with-ones-own-eyes-1972,United States of America
dog-star-man-part-iv-1964,United States of America
dog-star-man-part-iii-1964,United States of America
dog-star-man-part-ii-1964,United States of America
dog-star-man-part-i-1963,United States of America
prelude-dog-star-man-1962,United States of America
wedlock-house-an-intercourse-1959,United States of America
desistfilm-1954,United States of America
les-dames-du-bois-de-boulogne-1945,France
straw-dogs-1971,United States of America
straw-dogs-1971,United Kingdom
i-am-curious-blue-1968,Sweden
i-am-curious-yellow-1967,Sweden
my-life-as-a-dog-1985,Sweden
the-lost-honor-of-katharina-blum-1975,Germany
the-killers-1964,United States of America
the-killers-1946,United States of America
fear-and-loathing-in-las-vegas-1998,United States of America
band-of-outsiders-1964,France
the-life-and-death-of-colonel-blimp-1943,United Kingdom
pépé-le-moko-1937,France
contempt-1963,France
contempt-1963,Italy
trouble-in-paradise-1932,United States of America
shake-otis-at-monterey-1987,United States of America
jimi-plays-monterey-1986,United States of America
monterey-pop-1968,United States of America
down-by-law-1986,United States of America
down-by-law-1986,Germany
man-bites-dog-1992,Belgium
solaris-1972,Soviet Union
hopscotch-1980,United States of America
ratcatcher-1999,United Kingdom
ratcatcher-1999,France
under-the-roofs-of-paris-1930,France
à-nous-la-liberté-1931,France
red-beard-1965,Japan
the-importance-of-being-earnest-1952,United Kingdom
the-royal-tenenbaums-2001,United States of America
hearts-and-minds-1974,United States of America
tokyo-olympiad-1965,Japan
the-horses-mouth-1958,United Kingdom
general-idi-amin-dada-1974,France
general-idi-amin-dada-1974,Switzerland
george-washington-2000,United States of America
traffic-2000,United States of America
bob-le-flambeur-1956,France
juliet-of-the-spirits-1965,Italy
juliet-of-the-spirits-1965,France
ballad-of-a-soldier-1959,Soviet Union
in-the-mood-for-love-2000,Hong Kong
in-the-mood-for-love-2000,France
the-cranes-are-flying-1957,Soviet Union
the-firemens-ball-1967,Czechoslovakia
the-firemens-ball-1967,Italy
loves-of-a-blonde-1965,Czechoslovakia
that-obscure-object-of-desire-1977,France
that-obscure-object-of-desire-1977,Spain
the-last-wave-1977,Australia
children-of-paradise-1945,France
8½-1963,Italy
8½-1963,France
wild-strawberries-1957,Sweden
rashomon-1950,Japan
notorious-1946,United States of America
spellbound-1945,United States of America
rebecca-1940,United States of America
häxan-1922,Sweden
the-vanishing-1988,Netherlands
the-vanishing-1988,France
the-vanishing-1988,Germany
the-ruling-class-1972,United Kingdom
closely-watched-trains-1966,Czechoslovakia
the-shop-on-main-street-1965,Czechoslovakia
le-trou-1960,France
le-trou-1960,Italy
carl-th-dreyer-my-metier-1995,Denmark
gertrud-1964,Denmark
ordet-1955,Denmark
day-of-wrath-1943,Denmark
grey-gardens-1975,United States of America
salesman-1969,United States of America
billy-liar-1963,United Kingdom
how-to-get-ahead-in-advertising-1989,United Kingdom
withnail-i-1987,United Kingdom
withnail-i-1987,Canada
sullivans-travels-1941,United States of America
diary-of-a-chambermaid-1964,France
diary-of-a-chambermaid-1964,Italy
the-hidden-fortress-1958,Japan
rififi-1955,France
my-man-godfrey-1936,United States of America
big-deal-on-madonna-street-1958,Italy
playtime-1967,France
playtime-1967,Italy
mon-oncle-1958,France
mon-oncle-1958,Italy
monsieur-hulots-holiday-1953,France
the-scarlet-empress-1934,United States of America
the-rock-1996,United States of America
mona-lisa-1986,United Kingdom
coup-de-torchon-1981,France
spartacus-1960,United States of America
double-suicide-1969,Japan
the-lady-eve-1941,United States of America
the-discreet-charm-of-the-bourgeoisie-1972,France
cries-and-whispers-1972,Sweden
beastie-boys-video-anthology-2000,United States of America
gimme-shelter-1970,United States of America
lavventura-1960,France
lavventura-1960,Italy
do-the-right-thing-1989,United States of America
written-on-the-wind-1956,United States of America
all-that-heaven-allows-1955,United States of America
i-know-where-im-going-1945,United Kingdom
black-narcissus-1947,United Kingdom
fiend-without-a-face-1958,United Kingdom
the-blob-1958,United States of America
kwaidan-1964,Japan
sisters-1972,United States of America
ivan-the-terrible-part-ii-the-boyars-plot-1946,Soviet Union
ivan-the-terrible-part-i-1944,Soviet Union
alexander-nevsky-1938,Soviet Union
pygmalion-1938,United Kingdom
good-morning-1959,Japan
the-harder-they-come-1972,Jamaica
hamlet-1948,United Kingdom
variety-lights-1950,Italy
the-element-of-crime-1984,Denmark
the-dentist-1932,United States of America
the-barber-shop-1933,United States of America
the-fatal-glass-of-beer-1933,United States of America
the-pharmacist-1933,United States of America
the-golf-specialist-1930,United States of America
pool-sharks-1915,United States of America
the-bank-dick-1940,United States of America
and-god-created-woman-1956,France
brief-encounter-1945,United Kingdom
chasing-amy-1997,United States of America
vagabond-1985,France
cléo-from-5-to-7-1962,France
cléo-from-5-to-7-1962,Italy
le-million-1931,France
the-magic-flute-1975,Sweden
the-last-temptation-of-christ-1988,United States of America
the-last-temptation-of-christ-1988,Canada
testament-of-orpheus-1960,France
orpheus-1950,France
the-blood-of-a-poet-1932,France
rushmore-1998,United States of America
the-third-man-1949,United Kingdom
carnival-of-souls-1962,United States of America
the-passion-of-joan-of-arc-1928,France
life-of-brian-1979,United Kingdom
autumn-sonata-1978,Germany
autumn-sonata-1978,Sweden
autumn-sonata-1978,United Kingdom
the-night-porter-1974,Italy
the-night-porter-1974,France
peeping-tom-1960,United Kingdom
charade-1963,United Kingdom
charade-1963,United States of America
the-39-steps-1935,United Kingdom
the-unbearable-lightness-of-being-1988,United States of America
for-all-mankind-1989,United States of America
sanjuro-1962,Japan
yojimbo-1961,Japan
brazil-1985,United Kingdom
brazil-1985,United States of America
and-the-ship-sails-on-1983,France
and-the-ship-sails-on-1983,Italy
nights-of-cabiria-1957,Italy
nights-of-cabiria-1957,France
black-orpheus-1959,Brazil
black-orpheus-1959,France
black-orpheus-1959,Italy
insomnia-1997,Norway
the-most-dangerous-game-1932,United States of America
taste-of-cherry-1997,Iran
taste-of-cherry-1997,France
the-red-shoes-1948,United Kingdom
lord-of-the-flies-1963,United Kingdom
fishing-with-john-1991,United States of America
henry-v-1944,United Kingdom
armageddon-1998,United States of America
tokyo-drifter-1966,Japan
branded-to-kill-1967,Japan
time-bandits-1981,United Kingdom
the-wages-of-fear-1953,France
the-wages-of-fear-1953,Italy
diabolique-1955,France
andrei-rublev-1966,Soviet Union
nanook-of-the-north-1922,United States of America
nanook-of-the-north-1922,France
oliver-twist-1948,United Kingdom
great-expectations-1946,United Kingdom
m-1931,Germany
picnic-at-hanging-rock-1975,Australia
blood-for-dracula-1974,France
blood-for-dracula-1974,Italy
blood-for-dracula-1974,United States of America
flesh-for-frankenstein-1973,France
flesh-for-frankenstein-1973,Italy
flesh-for-frankenstein-1973,United States of America
the-long-good-friday-1980,United Kingdom
alphaville-1965,France
alphaville-1965,Italy
high-and-low-1963,Japan
robocop-1987,United States of America
summertime-1955,United Kingdom
summertime-1955,United States of America
dead-ringers-1988,Canada
dead-ringers-1988,United States of America
sid-and-nancy-1986,United Kingdom
shock-corridor-1963,United States of America
the-naked-kiss-1964,United States of America
salò-or-the-120-days-of-sodom-1975,Italy
salò-or-the-120-days-of-sodom-1975,France
samurai-iii-duel-at-ganryu-island-1956,Japan
samurai-ii-duel-at-ichijoji-temple-1955,Japan
samurai-i-musashi-miyamoto-1954,Japan
the-silence-of-the-lambs-1991,United States of America
this-is-spinal-tap-1984,United States of America
the-seventh-seal-1957,Sweden
walkabout-1971,United States of America
hard-boiled-1992,Hong Kong
the-killer-1989,Hong Kong
a-night-to-remember-1958,United Kingdom
beauty-and-the-beast-1946,France
the-400-blows-1959,France
amarcord-1973,Italy
amarcord-1973,France
the-lady-vanishes-1938,United Kingdom
seven-samurai-1954,Japan
grand-illusion-1937,France
last-holiday-1950,United Kingdom
gervaise-1956,France
mayerling-1936,France
daybreak-1939,France
kapo-1960,France
kapo-1960,Italy
kapo-1960,Yugoslavia
the-great-chase-1962,United States of America
the-love-goddesses-1965,United States of America
paddle-to-the-sea-1966,Canada
sanshiro-sugata-1943,Japan
the-most-beautiful-1944,Japan
sanshiro-sugata-part-two-1945,Japan
the-men-who-tread-on-the-tigers-tail-1945,Japan
no-regrets-for-our-youth-1946,Japan
one-wonderful-sunday-1947,Japan
scandal-1950,France
the-idiot-1951,Japan
i-live-in-fear-1955,Japan
madadayo-1993,Japan
murderous-maids-2000,France
crisis-1946,Sweden
a-ship-to-india-1947,Sweden
port-of-call-1948,Sweden
thirst-1949,Sweden
to-joy-1950,Sweden
waiting-women-1952,Sweden
a-lesson-in-love-1954,Sweden
dreams-1955,Sweden
brink-of-life-1958,Sweden
the-devils-eye-1960,Sweden
all-these-women-1964,Sweden
hour-of-the-wolf-1968,Sweden
the-rite-1969,Sweden
the-passion-of-anna-1969,Sweden
fårö-document-1970,Sweden
the-touch-1971,Sweden
the-touch-1971,United States of America
the-serpents-egg-1977,Germany
the-serpents-egg-1977,United States of America
fårö-document-1979-1979,Sweden
from-the-life-of-the-marionettes-1980,Germany
from-the-life-of-the-marionettes-1980,Austria
after-the-rehearsal-1984,Germany
after-the-rehearsal-1984,Sweden
saraband-2003,Austria
saraband-2003,Denmark
saraband-2003,Finland
saraband-2003,Germany
saraband-2003,Italy
saraband-2003,Norway
saraband-2003,Sweden
varda-by-agnès-2019,France
les-3-boutons-2015,France
o-seasons-o-castles-1958,France
along-the-coast-1958,France
fiancés-on-the-bridge-1962,France
diary-of-a-pregnant-woman-1958,France
the-socalled-caryatids-1984,France
youve-got-beautiful-stairs-you-know-1986,France
daguerréotypes-1975,France
daguerréotypes-1975,Germany
the-vanishing-lion-2003,France
the-creatures-1966,France
the-creatures-1966,Sweden
elsa-the-rose-1966,France
uncle-yanco-1967,France
black-panthers-1968,France
lions-love-1969,United States of America
lions-love-1969,France
mur-murs-1981,France
mur-murs-1981,United States of America
mur-murs-1981,Germany
documenteur-1981,France
documenteur-1981,United States of America
women-reply-1975,France
the-pleasure-of-love-in-iran-1976,France
seven-rooms-kitchen-bathroom-for-sale-1984,France
jane-b-by-agnès-v-1988,France
kungfu-master-1988,France
jacquot-de-nantes-1991,France
the-young-girls-turn-25-1993,France
the-world-of-jacques-demy-1995,Belgium
the-world-of-jacques-demy-1995,France
the-world-of-jacques-demy-1995,Spain
one-hundred-and-one-nights-1995,France
one-hundred-and-one-nights-1995,United Kingdom
the-gleaners-and-i-2000,France
the-gleaners-and-i-two-years-later-2002,France
faces-places-2017,France
hello-cubans-1963,Cuba
hello-cubans-1963,France
ulysse-1983,France
ydessa-the-bears-and-etc-2004,France
agnès-varda-from-here-to-there-2011,NA
the-beaches-of-agnès-2008,France
the-swindle-1955,France
the-swindle-1955,Italy
intervista-1987,Italy
as-tears-go-by-1988,Hong Kong
days-of-being-wild-1990,Hong Kong
fallen-angels-1995,Hong Kong
happy-together-1997,Hong Kong
happy-together-1997,South Korea
happy-together-1997,Japan
2046-2004,Germany
2046-2004,Hong Kong
2046-2004,China
2046-2004,France
2046-2004,Italy
accattone-1961,Italy
love-meetings-1964,Italy
the-gospel-according-to-st-matthew-1964,Italy
the-gospel-according-to-st-matthew-1964,France
the-hawks-and-the-sparrows-1966,Italy
oedipus-rex-1967,Italy
pigsty-1969,France
pigsty-1969,Italy
medea-1969,France
medea-1969,Germany
medea-1969,Italy
