movie_id,director
it-was-just-an-accident-2025,Jafar Panahi
desperate-living-1977,John Waters
hairspray-1988,John Waters
high-art-1998,Lisa Cholodenko
west-indies-1979,Med Hondo
lenny-1974,Bob Fosse
sentimental-value-2025,Joachim Trier
fresh-kill-1994,Shu Lea Cheang
the-delta-1996,Ira Sachs
body-heat-1981,Lawrence Kasdan
baby-boy-2001,John Singleton
poetic-justice-1993,John Singleton
boyz-n-the-hood-1991,John Singleton
point-blank-1967,John Boorman
the-blade-1995,Tsui Hark
a-man-and-a-woman-1966,Claude Lelouch
testament-1983,Lynne Littman
killers-of-the-flower-moon-2023,Martin Scorsese
the-man-who-wasnt-there-2001,Joel Coen
network-1976,Sidney Lumet
kiss-of-the-spider-woman-1985,Héctor Babenco
birth-2004,Jonathan Glazer
captain-blood-1935,Michael Curtiz
the-fall-of-otrar-1991,Ardak Amirkulov
the-choice-1987,Idrissa Ouédraogo
kummatty-1979,G. Aravindan
chronicle-of-the-years-of-fire-1975,Mohammed Lakhdar-Hamina
the-dead-1987,John Huston
david-byrnes-american-utopia-2020,Spike Lee
peewees-big-adventure-1985,Tim Burton
salaam-bombay-1988,Mira Nair
the-mysteries-of-the-chateau-of-dice-1929,Man Ray
the-starfish-1928,Man Ray
emakbakia-1926,Man Ray
return-to-reason-1923,Man Ray
eyes-wide-shut-1999,Stanley Kubrick
él-1953,Luis Buñuel
hells-angels-1930,Howard Hughes
house-party-1990,Reginald Hudlin
nightmare-alley-2021,Guillermo del Toro
deep-crimson-1996,Arturo Ripstein
altered-states-1980,Ken Russell
a-history-of-violence-2005,David Cronenberg
the-french-dispatch-of-the-liberty-kansas-evening-sun-2021,Wes Anderson
isle-of-dogs-2018,Wes Anderson
the-beat-that-my-heart-skipped-2005,Jacques Audiard
read-my-lips-2001,Jacques Audiard
flow-2024,Gints Zilbalodis
born-in-flames-1983,Lizzie Borden
saving-face-2004,Alice Wu
mahjong-1996,Edward Yang
a-confucian-confusion-1994,Edward Yang
compensation-1999,Zeinabu irene Davis
cairo-station-1958,Youssef Chahine
shoeshine-1946,Vittorio De Sica
you-can-count-on-me-2000,Kenneth Lonergan
carnal-knowledge-1971,Mike Nichols
the-big-heat-1953,Fritz Lang
thirty-two-short-films-about-glenn-gould-1993,François Girard
sorcerer-1977,William Friedkin
midnight-1939,Mitchell Leisen
thelonious-monk-straight-no-chaser-1988,Charlotte Zwerin
the-wiz-1978,Sidney Lumet
the-four-musketeers-1974,Richard Lester
the-three-musketeers-1973,Richard Lester
killer-of-sheep-1978,Charles Burnett
the-wind-will-carry-us-1999,Abbas Kiarostami
basquiat-1996,Julian Schnabel
anora-2024,Sean Baker
prince-of-broadway-2008,Sean Baker
manon-of-the-spring-1986,Claude Berri
jean-de-florette-1986,Claude Berri
choose-me-1984,Alan Rudolph
night-moves-1975,Arthur Penn
godzilla-vs-biollante-1989,Kazuki Omori
a-woman-of-paris-a-drama-of-fate-1923,Charlie Chaplin
performance-1970,Donald Cammell
performance-1970,Nicolas Roeg
drugstore-cowboy-1989,Gus Van Sant
crossing-delancey-1988,Joan Micklin Silver
king-lear-1987,Jean-Luc Godard
winchester-73-1950,Anthony Mann
jo-jo-dancer-your-life-is-calling-1986,Richard Pryor
the-grifters-1990,Stephen Frears
the-mother-and-the-whore-1973,Jean Eustache
eastern-condors-1987,Sammo Hung
no-country-for-old-men-2007,Joel Coen
no-country-for-old-men-2007,Ethan Coen
the-shape-of-water-2017,Guillermo del Toro
paper-moon-1973,Peter Bogdanovich
funny-girl-1968,William Wyler
scarface-1932,Howard Hawks
gummo-1997,Harmony Korine
demon-pond-1979,Masahiro Shinoda
the-seventh-victim-1943,Mark Robson
i-walked-with-a-zombie-1943,Jacques Tourneur
happiness-1998,Todd Solondz
all-of-us-strangers-2023,Andrew Haigh
nowhere-1997,Gregg Araki
the-doom-generation-1995,Gregg Araki
totally-fed-up-1993,Gregg Araki
mother-1996,Albert Brooks
real-life-1979,Albert Brooks
not-a-pretty-picture-1976,Martha Coolidge
the-long-farewell-1971,Kira Muratova
brief-encounters-1967,Kira Muratova
farewell-my-concubine-1993,Chen Kaige
risky-business-1983,Paul Brickman
perfect-days-2023,Wim Wenders
black-god-white-devil-1964,Glauber Rocha
pat-garrett-billy-the-kid-1973,Sam Peckinpah
the-underground-railroad-2021,Barry Jenkins
victims-of-sin-1951,Emilio Fernández
querelle-1982,Rainer Werner Fassbinder
bound-1996,Lana Wachowski
bound-1996,Lilly Wachowski
girlfight-2000,Karyn Kusama
anatomy-of-a-fall-2023,Justine Triet
ceddo-1977,Ousmane Sembène
xala-1975,Ousmane Sembène
emitaï-1971,Ousmane Sembène
dogfight-1991,Nancy Savoca
werckmeister-harmonies-2000,Béla Tarr
werckmeister-harmonies-2000,Ágnes Hranitzky
i-am-cuba-1964,Mikhail Kalatozov
to-die-for-1995,Gus Van Sant
saint-omer-2022,Alice Diop
the-runner-1984,Amir Naderi
all-the-beauty-and-the-bloodshed-2022,Laura Poitras
nothing-but-a-man-1964,Michael Roemer
the-roaring-twenties-1939,Raoul Walsh
heroic-trio-2-executioners-1993,Johnnie To
heroic-trio-2-executioners-1993,Ching Siu-Tung
the-heroic-trio-1993,Johnnie To
a-tale-of-autumn-1998,Eric Rohmer
a-summers-tale-1996,Eric Rohmer
a-tale-of-winter-1992,Eric Rohmer
a-tale-of-springtime-1990,Eric Rohmer
mudbound-2017,Dee Rees
trainspotting-1996,Danny Boyle
the-meetings-of-anna-1978,Chantal Akerman
news-from-home-1976,Chantal Akerman
je-tu-il-elle-1974,Chantal Akerman
le-158-1973,Chantal Akerman
hotel-monterey-1973,Chantal Akerman
the-chamber-1972,Chantal Akerman
the-beloved-child-or-i-play-at-being-a-married-woman-1971,Chantal Akerman
saute-ma-ville-1968,Chantal Akerman
lone-star-1996,John Sayles
guillermo-del-toros-pinocchio-2022,Guillermo del Toro
circus-angel-1965,Albert Lamorisse
stowaway-in-the-sky-1960,Albert Lamorisse
the-red-balloon-1956,Albert Lamorisse
white-mane-1953,Albert Lamorisse
bim-the-little-donkey-1951,Albert Lamorisse
la-cérémonie-1995,Claude Chabrol
mean-streets-1973,Martin Scorsese
my-lucky-stars-1985,Sammo Hung
the-young-master-1980,Jackie Chan
fearless-hyena-2-1983,Chan Chuen
fearless-hyena-1979,Jackie Chan
spiritual-kung-fu-1978,Lo Wei
half-a-loaf-of-kung-fu-1978,Chan Chi-hwa
nanny-2022,Nikyatu Jusu
the-others-2001,Alejandro Amenábar
freaks-1932,Tod Browning
the-unknown-1927,Tod Browning
the-mystic-1925,Tod Browning
la-bamba-1987,Luis Valdez
moonage-daydream-2022,Brett Morgen
the-trial-1962,Orson Welles
drylongso-1998,Cauleen Smith
adalen-31-1969,Bo Widerberg
elvira-madigan-1967,Bo Widerberg
ravens-end-1963,Bo Widerberg
the-baby-carriage-1963,Bo Widerberg
dim-sum-a-little-bit-of-heart-1985,Wayne Wang
one-false-move-1991,Carl Franklin
comanche-station-1960,Budd Boetticher
ride-lonesome-1959,Budd Boetticher
buchanan-rides-alone-1958,Budd Boetticher
decision-at-sundown-1957,Budd Boetticher
the-tall-t-1957,Budd Boetticher
after-hours-1985,Martin Scorsese
the-watermelon-woman-1996,Cheryl Dunye
medicine-for-melancholy-2008,Barry Jenkins
the-servant-1963,Joseph Losey
petite-maman-2021,Céline Sciamma
thelma-louise-1991,Ridley Scott
targets-1968,Peter Bogdanovich
triangle-of-sadness-2022,Ruben Östlund
mangrove-2020,Steve McQueen
lovers-rock-2020,Steve McQueen
red-white-and-blue-2020,Steve McQueen
alex-wheatle-2020,Steve McQueen
education-2020,Steve McQueen
chilly-scenes-of-winter-1979,Joan Micklin Silver
inland-empire-2006,David Lynch
last-hurrah-for-chivalry-1979,John Woo
hollywood-shuffle-1987,Robert Townsend
baxter-vera-baxter-1977,Marguerite Duras
india-song-1975,Marguerite Duras
romeo-and-juliet-1968,Franco Zeffirelli
bergman-island-2021,Mia Hansen-Løve
this-is-not-a-burial-its-a-resurrection-2019,Lemohang Jeremiah Mosese
epidemic-1987,Lars von Trier
imitation-of-life-1934,John M. Stahl
the-adventures-of-baron-munchausen-1988,Terry Gilliam
cooley-high-1975,Michael Schultz
the-velvet-underground-2021,Todd Haynes
71-fragments-of-a-chronology-of-chance-1994,Michael Haneke
bennys-video-1992,Michael Haneke
the-seventh-continent-1989,Michael Haneke
the-girls-1968,Mai Zetterling
night-games-1966,Mai Zetterling
loving-couples-1964,Mai Zetterling
walle-2008,Andrew Stanton
malcolm-x-1992,Spike Lee
infernal-affairs-iii-2003,Andrew Lau
infernal-affairs-iii-2003,Alan Mak
infernal-affairs-ii-2003,Andrew Lau
infernal-affairs-ii-2003,Alan Mak
infernal-affairs-2002,Andrew Lau
infernal-affairs-2002,Alan Mak
the-power-of-the-dog-2021,Jane Campion
daisies-1966,Věra Chytilová
la-llorona-2019,Jayro Bustamante
cure-1997,Kiyoshi Kurosawa
eves-bayou-1997,Kasi Lemmons
arsenic-and-old-lace-1944,Frank Capra
lost-highway-1997,David Lynch
sound-of-metal-2019,Darius Marder
exotica-1994,Atom Egoyan
take-out-2004,Sean Baker
take-out-2004,Shih-Ching Tsou
kalpana-1948,Uday Shankar
two-girls-on-the-street-1939,Andre de Toth
muna-moto-1975,Jean-Pierre Dikongué Pipa
chess-of-the-wind-1976,Mohammad Reza Aslani
prisoners-of-the-land-1939,Mario Soffici
sambizanga-1972,Sarah Maldoror
faya-dayi-2021,Jessica Beshir
buck-and-the-preacher-1972,Sidney Poitier
hôtel-du-nord-1938,Marcel Carné
daddy-longlegs-2009,Josh Safdie
daddy-longlegs-2009,Benny Safdie
frownland-2007,Ronald Bronstein
drive-my-car-2021,Ryusuke Hamaguchi
devil-in-a-blue-dress-1995,Carl Franklin
raging-bull-1980,Martin Scorsese
okja-2017,Bong Joon-ho
the-worst-person-in-the-world-2021,Joachim Trier
pink-flamingos-1972,John Waters
shaft-1971,Gordon Parks
rouge-1987,Stanley Kwan
farewell-amor-2020,Ekwa Msangi
mississippi-masala-1991,Mira Nair
double-indemnity-1944,Billy Wilder
the-funeral-1984,Juzo Itami
chan-is-missing-1982,Wayne Wang
mr-klein-1976,Joseph Losey
round-midnight-1986,Bertrand Tavernier
eyimofe-this-is-my-desire-2020,Arie
eyimofe-this-is-my-desire-2020,Chuko
the-girl-cant-help-it-1956,Frank Tashlin
miracle-in-milan-1951,Vittorio De Sica
the-last-waltz-1978,Martin Scorsese
love-jones-1997,Theodore Witcher
the-flight-of-the-phoenix-1965,Robert Aldrich
adoption-1975,Márta Mészáros
love-affair-1939,Leo McCarey
boat-people-1982,Ann Hui
millers-crossing-1990,Joel Coen
millers-crossing-1990,Ethan Coen
dick-johnson-is-dead-2020,Kirsten Johnson
the-piano-1993,Jane Campion
time-2020,Garrett Bradley
the-celebration-1998,Thomas Vinterberg
the-learning-tree-1969,Gordon Parks
one-night-in-miami-2020,Regina King
menace-ii-society-1993,Albert Hughes
menace-ii-society-1993,Allen Hughes
citizen-kane-1941,Orson Welles
once-upon-a-time-in-china-v-1994,Tsui Hark
once-upon-a-time-in-china-iv-1993,Yuen Bun
once-upon-a-time-in-china-iii-1992,Tsui Hark
once-upon-a-time-in-china-ii-1992,Tsui Hark
once-upon-a-time-in-china-1991,Tsui Hark
devi-1960,Satyajit Ray
uncut-gems-2019,Josh Safdie
uncut-gems-2019,Benny Safdie
the-incredible-shrinking-man-1957,Jack Arnold
high-sierra-1941,Raoul Walsh
the-damned-1969,Luchino Visconti
love-basketball-2000,Gina Prince-Bythewood
dont-play-us-cheap-1973,Melvin Van Peebles
sweet-sweetbacks-baadasssss-song-1971,Melvin Van Peebles
watermelon-man-1970,Melvin Van Peebles
the-story-of-a-threeday-pass-1967,Melvin Van Peebles
throw-down-2004,Johnnie To
beasts-of-no-nation-2015,Cary Joji Fukunaga
original-cast-album-company-1970,D.A. Pennebaker
after-life-1998,Hirokazu Kore-eda
the-swimming-pool-1969,Jacques Deray
working-girls-1986,Lizzie Borden
deep-cover-1992,Bill Duke
bringing-up-baby-1938,Howard Hawks
mirror-1975,Andrei Tarkovsky
pariah-2011,Dee Rees
black-is-black-aint-1994,Marlon Riggs
no-regret-1993,Marlon Riggs
color-adjustment-1992,Marlon Riggs
anthem-1992,Marlon Riggs
affirmations-1990,Marlon Riggs
tongues-untied-1989,Marlon Riggs
ethnic-notions-1986,Marlon Riggs
visions-of-eight-1973,Miloš Forman
visions-of-eight-1973,Kon Ichikawa
visions-of-eight-1973,Claude Lelouch
visions-of-eight-1973,Yuri Ozerov
visions-of-eight-1973,Arthur Penn
visions-of-eight-1973,Michael Pfleghar
visions-of-eight-1973,John Schlesinger
visions-of-eight-1973,Mai Zetterling
tiny-the-life-of-erin-blackwell-2016,Martin Bell
streetwise-1984,Martin Bell
nightmare-alley-1947,Edmund Goulding
flowers-of-shanghai-1998,Hou Hsiao-hsien
merrily-we-go-to-hell-1932,Dorothy Arzner
fast-times-at-ridgemont-high-1982,Amy Heckerling
irma-vep-1996,Olivier Assayas
memories-of-murder-2003,Bong Joon-ho
history-is-made-at-night-1937,Frank Borzage
defending-your-life-1991,Albert Brooks
secrets-lies-1996,Mike Leigh
céline-and-julie-go-boating-1974,Jacques Rivette
smooth-talk-1985,Joyce Chopra
chop-shop-2007,Ramin Bahrani
man-push-cart-2005,Ramin Bahrani
mandabi-1968,Ousmane Sembène
the-parallax-view-1974,Alan J. Pakula
the-ascent-1977,Larisa Shepitko
rolling-thunder-revue-a-bob-dylan-story-by-martin-scorsese-2019,Martin Scorsese
minding-the-gap-2018,Bing Liu
amores-perros-2000,Alejandro González Iñárritu
crash-1996,David Cronenberg
the-irishman-2019,Martin Scorsese
ghost-dog-the-way-of-the-samurai-1999,Jim Jarmusch
moonstruck-1987,Norman Jewison
girlfriends-1978,Claudia Weill
parasite-2019,Bong Joon-ho
the-gunfighter-1950,Henry King
claudine-1974,John Berry
the-elephant-man-1980,David Lynch
downpour-1972,Bahram Bayzai
oh-sun-1970,Med Hondo
two-monks-1934,Juan Bustillo Oro
pixote-1980,Héctor Babenco
after-the-curfew-1954,Usmar Ismail
lucía-1968,Humberto Solás
christ-stopped-at-eboli-1979,Francesco Rosi
beau-travail-1999,Claire Denis
the-comfort-of-strangers-1990,Paul Schrader
toni-1935,Jean Renoir
town-bloody-hall-1979,Chad Hegedus
town-bloody-hall-1979,D.A. Pennebaker
marriage-story-2019,Noah Baumbach
the-war-of-the-worlds-1953,Byron Haskin
game-of-death-1978,Robert Clouse
enter-the-dragon-1973,Robert Clouse
the-way-of-the-dragon-1972,Bruce Lee
fist-of-fury-1972,Lo Wei
the-big-boss-1971,Lo Wei
come-and-see-1985,Elem Klimov
portrait-of-a-lady-on-fire-2019,Céline Sciamma
the-cameraman-1928,Edward Sedgwick
an-unmarried-woman-1978,Paul Mazursky
wildlife-2018,Paul Dano
italianamerican-1974,Martin Scorsese
american-boy-a-profile-of-steven-prince-1978,Martin Scorsese
the-big-shave-1967,Martin Scorsese
its-not-just-you-murray-1964,Martin Scorsese
whats-a-nice-girl-like-you-doing-in-a-place-like-this-1963,Martin Scorsese
husbands-1970,John Cassavetes
dance-girl-dance-1940,Dorothy Arzner
the-great-escape-1963,John Sturges
me-and-you-and-everyone-we-know-2005,Miranda July
the-grand-budapest-hotel-2014,Wes Anderson
destry-rides-again-1939,George Marshall
the-cremator-1969,Juraj Herz
the-prince-of-tides-1991,Barbra Streisand
show-boat-1936,James Whale
leave-her-to-heaven-1945,John M. Stahl
bamboozled-2000,Spike Lee
paris-is-burning-1990,Jennie Livingston
the-fabulous-baron-munchausen-1962,Karel Zeman
the-fabulous-world-of-jules-verne-1958,Karel Zeman
journey-to-the-beginning-of-time-1955,Karel Zeman
roma-2018,Alfonso Cuarón
theorem-1968,Pier Paolo Pasolini
all-about-my-mother-1999,Pedro Almodóvar
fail-safe-1964,Sidney Lumet
the-little-soldier-1963,Jean-Luc Godard
holiday-1938,George Cukor
old-joy-2006,Kelly Reichardt
until-the-end-of-the-world-1991,Wim Wenders
the-story-of-temple-drake-1933,Stephen Roberts
cold-war-2018,Paweł Pawlikowski
now-voyager-1942,Irving Rapper
all-about-eve-1950,Joseph L. Mankiewicz
betty-blue-1986,Jean-Jacques Beineix
the-daytrippers-1996,Greg Mottola
terror-of-mechagodzilla-1975,Ishirō Honda
godzilla-vs-mechagodzilla-1974,Jun Fukuda
godzilla-vs-megalon-1973,Jun Fukuda
godzilla-vs-gigan-1972,Jun Fukuda
godzilla-vs-hedorah-1971,Yoshimitsu Banno
all-monsters-attack-1969,Ishirō Honda
destroy-all-monsters-1968,Ishirō Honda
son-of-godzilla-1967,Jun Fukuda
ebirah-horror-of-the-deep-1966,Jun Fukuda
invasion-of-astromonster-1965,Ishirō Honda
ghidorah-the-threeheaded-monster-1964,Ishirō Honda
mothra-vs-godzilla-1964,Ishirō Honda
king-kong-vs-godzilla-1963,Ishirō Honda
king-kong-vs-godzilla-1963,Thomas Montgomery
king-kong-vs-godzilla-1962,Ishirō Honda
godzilla-raids-again-1955,Ishirō Honda
matewan-1987,John Sayles
when-we-were-kings-1996,Leon Gast
cluny-brown-1946,Ernst Lubitsch
the-circus-1928,Charlie Chaplin
polyester-1981,John Waters
local-hero-1983,Bill Forsyth
the-cloudcapped-star-1960,Ritwik Ghatak
through-the-olive-trees-1994,Abbas Kiarostami
life-and-nothing-more-1992,Abbas Kiarostami
where-is-the-friends-house-1987,Abbas Kiarostami
the-flavor-of-green-tea-over-rice-1952,Yasujirō Ozu
the-inland-sea-1991,Lucille Carra
klute-1971,Alan J. Pakula
the-bakers-wife-1938,Marcel Pagnol
europa-europa-1990,Agnieszka Holland
nineteen-eightyfour-1984,Michael Radford
war-and-peace-1965,Sergei Bondarchuk
hedwig-and-the-angry-inch-2001,John Cameron Mitchell
humanité-1999,Bruno Dumont
the-life-of-jesus-1997,Bruno Dumont
swing-time-1936,George Stevens
one-sings-the-other-doesnt-1977,Agnès Varda
blue-velvet-1986,David Lynch
let-the-sunshine-in-2017,Claire Denis
funny-games-1997,Michael Haneke
the-heiress-1949,William Wyler
my-brilliant-career-1979,Gillian Armstrong
police-story-2-1988,Jackie Chan
police-story-1985,Jackie Chan
a-face-in-the-crowd-1957,Elia Kazan
diamonds-of-the-night-1964,Jan Němec
japón-2002,Carlos Reygadas
i-wanna-hold-your-hand-1978,Robert Zemeckis
detour-1945,Edgar G. Ulmer
wanda-1970,Barbara Loden
the-kid-brother-1927,Ted Wilde
to-sleep-with-anger-1990,Charles Burnett
death-in-venice-1971,Luchino Visconti
shame-1968,Ingmar Bergman
the-truth-1960,Henri-Georges Clouzot
in-the-heat-of-the-night-1967,Norman Jewison
4-months-3-weeks-and-2-days-2007,Cristian Mungiu
mikey-and-nicky-1976,Elaine May
24-frames-2017,Abbas Kiarostami
panic-1946,Julien Duvivier
forty-guns-1957,Samuel Fuller
a-dry-white-season-1989,Euzhan Palcy
the-magnificent-ambersons-1942,Orson Welles
true-stories-1986,David Byrne
some-like-it-hot-1959,Billy Wilder
a-story-from-chikamatsu-1954,Kenji Mizoguchi
the-princess-bride-1987,Rob Reiner
shampoo-1975,Hal Ashby
eight-hours-dont-make-a-day-1972,Rainer Werner Fassbinder
a-raisin-in-the-sun-1961,Daniel Petrie
cold-water-1994,Olivier Assayas
memories-of-underdevelopment-1968,Tomás Gutiérrez Alea
the-tree-of-life-2011,Terrence Malick
smithereens-1982,Susan Seidelman
the-ballad-of-gregorio-cortez-1982,Robert M. Young
a-matter-of-life-and-death-1946,Michael Powell
a-matter-of-life-and-death-1946,Emeric Pressburger
sex-lies-and-videotape-1989,Steven Soderbergh
dragon-inn-1967,King Hu
bull-durham-1988,Ron Shelton
the-devil-is-a-woman-1935,Josef von Sternberg
blonde-venus-1932,Josef von Sternberg
shanghai-express-1932,Josef von Sternberg
dishonored-1931,Josef von Sternberg
morocco-1930,Josef von Sternberg
female-trouble-1974,John Waters
bowling-for-columbine-2002,Michael Moore
el-sur-1983,Victor Erice
manila-in-the-claws-of-light-1975,Lino Brocka
midnight-cowboy-1969,John Schlesinger
graduation-2016,Cristian Mungiu
beyond-the-hills-2012,Cristian Mungiu
the-other-side-of-hope-2017,Aki Kaurismäki
moonrise-1948,Frank Borzage
the-virgin-suicides-1999,Sofia Coppola
dead-man-1995,Jim Jarmusch
the-color-of-pomegranates-1969,Sergei Parajanov
the-awful-truth-1937,Leo McCarey
women-in-love-1969,Ken Russell
king-of-jazz-1930,John Murray Anderson
baal-1970,Volker Schlöndorff
the-age-of-innocence-1993,Martin Scorsese
an-actors-revenge-1963,Kon Ichikawa
the-hero-1966,Satyajit Ray
tom-jones-1963,Tony Richardson
night-of-the-living-dead-1968,George Romero
comradeship-1931,G.W. Pabst
westfront-1918-1930,G.W. Pabst
i-daniel-blake-2016,Ken Loach
the-breakfast-club-1985,John Hughes
election-1999,Alexander Payne
jabberwocky-1977,Terry Gilliam
desert-hearts-1985,Donna Deitch
the-philadelphia-story-1940,George Cukor
first-2012,Caroline Rowland
bud-greenspan-presents-vancouver-2010-stories-of-olympic-glory-2011,Nancy Beffa
the-everlasting-flame-2009,Gu Jun
bud-greenspans-torino-2006-stories-of-olympic-glory-2007,Bud Greenspan
bud-greenspans-athens-2004-stories-of-olympic-glory-2005,Bud Greenspan
salt-lake-city-2002-stories-of-olympic-glory-2003,Bud Greenspan
sydney-2000-stories-of-olympic-glory-2001,Bud Greenspan
olympic-glory-1999,Kieth Merrill
nagano-98-olympics-stories-of-honor-and-glory-1998,Bud Greenspan
atlantas-olympic-glory-1997,Bud Greenspan
lillehammer-94-16-days-of-glory-1994,Bud Greenspan
marathon-1993,Carlos Saura
one-light-one-world-1992,NA
beyond-all-barriers-1989,Lee Ji-won
hand-in-hand-1989,Im Kwon-taek
seoul-1988-1989,Lee Kwang-soo
calgary-88-16-days-of-glory-1989,Bud Greenspan
16-days-of-glory-1985,Bud Greenspan
a-turning-point-1984,Kim Takal
o-sport-you-are-peace-1981,Yuri Ozerov
olympic-spirit-1980,Drummond Challis
olympic-spirit-1980,Tony Maylam
games-of-the-xxi-olympiad-1977,Jean-Claude Labrecque
games-of-the-xxi-olympiad-1977,Jean Beaudin
games-of-the-xxi-olympiad-1977,Marcel Carrière
games-of-the-xxi-olympiad-1977,Georges Dufaux
white-rock-1977,Tony Maylam
sapporo-winter-olympics-1972,Masahiro Shinoda
the-olympics-in-mexico-1969,Alberto Isaac
snows-of-grenoble-1968,Jacques Ertaud
snows-of-grenoble-1968,Jean-Jacques Languepin
13-days-in-france-1968,Claude Lelouch
13-days-in-france-1968,François Reichenbach
sensation-of-the-century-1966,Hiroshi Maeda
sensation-of-the-century-1966,Tatsuji Yamagishi
ix-olympic-winter-games-innsbruck-1964-1964,Theo Hörmann
the-grand-olympics-1961,Romolo Marcellini
people-hopes-medals-1960,Heribert Meisel
the-horse-in-focus-1956,Unknown
alain-mimoun-1959,Louis Gueguen
the-melbourne-rendezvous-1957,René Lucot
olympic-games-1956-1956,Peter Whitchurch
white-vertigo-1956,Giorgio Ferroni
memories-of-the-olympic-summer-of-1952-1954,Unknown
gold-and-glory-1953,Hannu Leminen
where-the-world-meets-1952,Hannu Leminen
the-vi-olympic-winter-games-oslo-1952-1952,Tancred Ibsen
xivth-olympiad-the-glory-of-sport-1948,Castleton Knight
fight-without-hate-1948,André Michel
olympia-part-two-festival-of-beauty-1938,Leni Riefenstahl
olympia-part-one-festival-of-the-nations-1938,Leni Riefenstahl
youth-of-the-world-1936,Carl Junghans
the-olympic-games-amsterdam-1928-1928,Wilhelm Prager
the-ix-olympiad-in-amsterdam-1928,Unknown
the-white-stadium-1928,Arnold Fanck
the-white-stadium-1928,Othmar Gurtner
the-olympic-games-in-paris-1924-1925,Jean de Rovera
the-olympic-games-as-they-were-practiced-in-ancient-greece-1924,Jean de Rovera
the-1924-chamonix-olympic-games-1924,Jean de Rovera
the-games-of-the-v-olympiad-stockholm-1912-2017,Adrian Wood
personal-shopper-2016,Olivier Assayas
twin-peaks-fire-walk-with-me-1992,David Lynch
barry-lyndon-1975,Stanley Kubrick
the-lure-2015,Agnieszka Smoczyńska
david-lynch-the-art-life-2016,Olivia Neergaard-Holm
david-lynch-the-art-life-2016,Rick Barnes
david-lynch-the-art-life-2016,John Nguyen
the-piano-teacher-2001,Michael Haneke
certain-women-2016,Kelly Reichardt
festival-1967,Murray Lerner
poison-1951,Sacha Guitry
meantime-1983,Mike Leigh
the-breaking-point-1950,Michael Curtiz
stalker-1979,Andrei Tarkovsky
lost-in-america-1985,Albert Brooks
largent-1983,Robert Bresson
the-lodger-a-story-of-the-london-fog-1927,Alfred Hitchcock
césar-1936,Marcel Pagnol
fanny-1932,Marc Allégret
marius-1931,Alexander Korda
they-live-by-night-1948,Nicholas Ray
taipei-story-1985,Edward Yang
law-of-the-border-1966,Ömer Lütfi Akad
limite-1931,Mário Peixoto
revenge-1989,Yermek Shinarbayev
mysterious-object-at-noon-2000,Apichatpong Weerasethakul
insiang-1976,Lino Brocka
ghost-world-2001,Terry Zwigoff
dheepan-2015,Jacques Audiard
othello-1951,Orson Welles
rumble-fish-1983,Francis Ford Coppola
tampopo-1985,Juzo Itami
woman-of-the-year-1942,George Stevens
buena-vista-social-club-1999,Wim Wenders
blowup-1966,Michelangelo Antonioni
being-there-1979,Hal Ashby
multiple-maniacs-1970,John Waters
canoa-a-shameful-memory-1976,Felipe Cazals
45-years-2015,Andrew Haigh
mildred-pierce-1945,Michael Curtiz
before-midnight-2013,Richard Linklater
before-sunset-2004,Richard Linklater
before-sunrise-1995,Richard Linklater
women-on-the-verge-of-a-nervous-breakdown-1988,Pedro Almodóvar
the-tree-of-wooden-clogs-1978,Ermanno Olmi
cameraperson-2016,Kirsten Johnson
black-girl-1966,Ousmane Sembène
fox-and-his-friends-1975,Rainer Werner Fassbinder
something-wild-1961,Jack Garfein
his-girl-friday-1940,Howard Hawks
roma-1972,Federico Fellini
the-asphalt-jungle-1950,John Huston
heart-of-a-dog-2015,Laurie Anderson
the-squid-and-the-whale-2005,Noah Baumbach
oneeyed-jacks-1961,Marlon Brando
punchdrunk-love-2002,Paul Thomas Anderson
dreams-1990,Akira Kurosawa
lone-wolf-and-cub-white-heaven-in-hell-1974,Yoshiyuki Kuroda
lone-wolf-and-cub-baby-cart-in-the-land-of-demons-1973,Kenji Misumi
lone-wolf-and-cub-baby-cart-in-peril-1972,Buichi Saito
lone-wolf-and-cub-baby-cart-to-hades-1972,Kenji Misumi
lone-wolf-and-cub-baby-cart-at-the-river-styx-1972,Kenji Misumi
lone-wolf-and-cub-sword-of-vengeance-1972,Kenji Misumi
the-executioner-1963,Luis García Berlanga
boyhood-2014,Richard Linklater
pans-labyrinth-2006,Guillermo del Toro
dekalog-1989,Krzysztof Kieślowski
beyond-the-valley-of-the-dolls-1970,Russ Meyer
valley-of-the-dolls-1967,Mark Robson
blood-simple-1984,Joel Coen
blood-simple-1984,Ethan Coen
cat-people-1942,Jacques Tourneur
the-story-of-the-last-chrysanthemum-1939,Kenji Mizoguchi
the-immortal-story-1968,Orson Welles
chimes-at-midnight-1965,Orson Welles
a-taste-of-honey-1961,Tony Richardson
ingrid-bergman-in-her-own-words-2015,Stig Björkman
mccabe-mrs-miller-1971,Robert Altman
the-new-world-2005,Terrence Malick
a-touch-of-zen-1970,King Hu
muriel-or-the-time-of-return-1963,Alain Resnais
the-inlaws-1979,Arthur Hiller
clouds-of-sils-maria-2014,Olivier Assayas
dr-strangelove-or-how-i-learned-to-stop-worrying-and-love-the-bomb-1964,Stanley Kubrick
fantastic-planet-1973,René Laloux
here-comes-mr-jordan-1941,Alexander Hall
la-chienne-1931,Jean Renoir
le-amiche-1955,Michelangelo Antonioni
kings-of-the-road-1976,Wim Wenders
wrong-move-1975,Wim Wenders
alice-in-the-cities-1974,Wim Wenders
the-player-1992,Robert Altman
the-naked-island-1960,Kaneto Shindo
in-a-lonely-place-1950,Nicholas Ray
phoenix-2014,Christian Petzold
faces-of-november-1964,Robert Drew
crisis-behind-a-presidential-commitment-1963,Robert Drew
adventures-on-the-new-frontier-1961,Robert Drew
primary-1960,Robert Drew
barcelona-1994,Whit Stillman
only-angels-have-wings-1939,Howard Hawks
a-poem-is-a-naked-person-1974,Les Blank
a-brighter-summer-day-1991,Edward Yang
the-manchurian-candidate-1962,John Frankenheimer
paris-belongs-to-us-1961,Jacques Rivette
i-knew-her-well-1965,Antonio Pietrangeli
the-graduate-1967,Mike Nichols
the-kid-1921,Charlie Chaplin
death-by-hanging-1968,Nagisa Oshima
the-new-land-1972,Jan Troell
the-emigrants-1971,Jan Troell
gilda-1946,Charles Vidor
inside-llewyn-davis-2013,Joel Coen
inside-llewyn-davis-2013,Ethan Coen
the-american-friend-1977,Wim Wenders
bitter-rice-1949,Giuseppe De Santis
lady-snowblood-2-love-song-of-vengeance-1974,Toshiya Fujita
lady-snowblood-1973,Toshiya Fujita
burroughs-the-movie-1983,Howard Brookner
speedy-1928,Ted Wilde
jellyfish-eyes-2013,Takashi Murakamie
dont-look-back-1967,D.A. Pennebaker
apur-sansar-1959,Satyajit Ray
aparajito-1956,Satyajit Ray
pather-panchali-1955,Satyajit Ray
in-cold-blood-1967,Richard Brooks
code-unknown-2000,Michael Haneke
mulholland-drive-2001,David Lynch
a-special-day-1977,Ettore Scola
the-brood-1979,David Cronenberg
moonrise-kingdom-2012,Wes Anderson
a-room-with-a-view-1986,James Ivory
mister-johnson-1990,Bruce Beresford
breaker-morant-1980,Bruce Beresford
blind-chance-1987,Krzysztof Kieślowski
two-days-one-night-2014,Jean Pierre Dardenne
two-days-one-night-2014,Luc Dardenne
dressed-to-kill-1980,Brian De Palma
day-for-night-1973,François Truffaut
the-french-lieutenants-woman-1981,Stephen Frears
my-beautiful-laundrette-1985,Stephen Frears
here-is-your-life-1966,Jan Troell
the-black-stallion-1979,Carroll Ballard
the-fisher-king-1991,Terry Gilliam
the-bridge-1959,Bernhard Wicki
a-master-builder-2013,Jonathan Demme
valerie-and-her-week-of-wonders-1970,Jaromil Jireš
state-of-siege-1972,Costa Gavras
the-confession-1970,Costa Gavras
the-merchant-of-four-seasons-1972,Rainer Werner Fassbinder
the-rose-1979,Mark Rydell
limelight-1952,Charlie Chaplin
le-silence-de-la-mer-1949,Jean-Pierre Melville
odd-man-out-1947,Errol Morris
the-thin-blue-line-1988,Errol Morris
vernon-florida-1981,Errol Morris
gates-of-heaven-1978,Errol Morris
ride-the-pink-horse-1947,Robert Montgomery
the-soft-skin-1964,François Truffaut
watership-down-1978,Martin Rosen
satyricon-1969,Federico Fellini
a-day-in-the-country-1946,Jean Renoir
dont-look-now-1973,Nicholas Roeg
every-man-for-himself-1980,Jean-Luc Godard
la-ciénaga-2001,Lucrecia Martel
the-palm-beach-story-1942,Preston Sturges
my-winnipeg-2007,Guy Maddin
the-bitter-tears-of-petra-von-kant-1972,Rainer Werner Fassbinder
safe-1995,Todd Haynes
tootsie-1982,Sydney Pollack
sworn-to-the-drum-a-tribute-to-francisco-aguabella-1995,Les Blank
the-maestro-king-of-the-cowboy-artists-1995,Les Blank
yum-yum-yum-a-taste-of-the-cajun-and-creole-cooking-of-louisiana-1990,Les Blank
gaptoothed-women-1987,Les Blank
in-heaven-there-is-no-beer-1984,Les Blank
sprout-wings-and-fly-1983,Les Blank
garlic-is-as-good-as-ten-mothers-1980,Les Blank
always-for-pleasure-1978,Les Blank
hot-pepper-1973,Les Blank
dry-wood-1973,Les Blank
a-well-spent-life-1971,Les Blank
spend-it-all-1972,Les Blank
god-respects-us-when-we-work-but-loves-us-when-we-dance-1968,Les Blank
the-blues-accordin-to-lightnin-hopkins-1968,Les Blank
it-happened-one-night-1934,Frank Capra
ride-in-the-whirlwind-1966,Monte Hellman
the-shooting-1966,Monte Hellman
la-dolce-vita-1960,Federico Fellini
my-darling-clementine-1946,John Ford
parade-1974,Jacques Tati
jour-de-fête-1949,Jacques Tati
sundays-and-cybele-1962,Serge Bourguignon
the-innocents-1961,Jack Clayton
macbeth-1971,Roman Polanski
eraserhead-1977,David Lynch
all-that-jazz-1979,Bob Fosse
y-tu-mamá-también-2001,Alfonso Cuarón
tie-me-up-tie-me-down-1989,Pedro Almodóvar
love-streams-1984,John Cassavetes
the-big-chill-1983,Lawrence Kasdan
a-room-in-town-1982,Jacques Demy
donkey-skin-1970,Jacques Demy
the-young-girls-of-rochefort-1967,Jacques Demy
the-umbrellas-of-cherbourg-1964,Jacques Demy
bay-of-angels-1963,Jacques Demy
lola-1961,Jacques Demy
scanners-1981,David Cronenberg
a-hard-days-night-1964,Richard Lester
judex-1963,Georges Franju
red-river-1948,Howard Hawks
like-someone-in-love-2012,Abbas Kiarostami
il-sorpasso-1962,Dino Risi
master-of-the-house-1925,Carl Theodor Dreyer
breaking-the-waves-1996,Lars von Trier
riot-in-cell-block-11-1954,Don Siegel
the-freshman-1925,Fred Newmeyer
the-freshman-1925,Sam Taylor
the-great-beauty-2013,Paolo Sorrentino
persona-1966,Ingmar Bergman
fantastic-mr-fox-2009,Wes Anderson
a-brief-history-of-time-1991,Errol Morris
king-of-the-hill-1993,Steven Soderbergh
tess-1979,Roman Polanski
foreign-correspondent-1940,Alfred Hitchcock
blue-is-the-warmest-color-2013,Abdellatif Kechiche
the-long-day-closes-1992,Terence Davies
la-vie-de-bohème-1992,Aki Kaurismäki
its-a-mad-mad-mad-mad-world-1963,Stanley Kramer
thief-1981,Michael Mann
the-housemaid-1960,Kim Ki-young
trances-1981,Ahmed El Maânouni
dry-summer-1963,Metin Erksan
a-river-called-titas-1973,Ritwik Ghatak
redes-1936,Emilio Gómez Muriel
redes-1936,Fred Zinnemann
touki-bouki-1973,Djibril Diop Mambéty
nashville-1975,Robert Altman
investigation-of-a-citizen-above-suspicion-1970,Elio Petri
frances-ha-2012,Noah Baumbach
city-lights-1931,Charlie Chaplin
zatoichis-conspiracy-1973,Kimiyoshi Yasuda
zatoichi-in-desperation-1972,Shintaro Katsu
zatoichi-at-large-1972,Kazuo Mori
zatoichi-meets-the-onearmed-swordsman-1971,Kimiyoshi Yasuda
zatoichi-goes-to-the-fire-festival-1970,Kenji Misumi
zatoichi-meets-yojimbo-1970,Kihachi Okamoto
samaritan-zatoichi-1968,Kenji Misumi
zatoichi-and-the-fugitives-1968,Kimiyoshi Yasuda
zatoichi-challenged-1967,Kenji Misumi
zatoichi-the-outlaw-1967,Satsuo Yamamoto
zatoichis-cane-sword-1967,Kimiyoshi Yasuda
zatoichis-pilgrimage-1966,Kazuo Ikehiro
zatoichis-vengeance-1966,Tokuzo Tanaka
zatoichi-and-the-chess-expert-1965,Kenji Misumi
zatoichi-and-the-doomed-man-1965,Kazuo Mori
zatoichis-revenge-1965,Akira Inoue
adventures-of-zatoichi-1964,Kimiyoshi Yasuda
fight-zatoichi-fight-1964,Kenji Misumi
zatoichis-flashing-sword-1964,Kazuo Ikehiro
zatoichi-and-the-chest-of-gold-1964,Kazuo Ikehiro
zatoichi-on-the-road-1963,Kimiyoshi Yasuda
zatoichi-the-fugitive-1963,Tokuzo Tanaka
new-tale-of-zatoichi-1963,Tokuzo Tanaka
the-tale-of-zatoichi-continues-1962,Kazuo Mori
the-tale-of-zatoichi-1962,Kenji Misumi
la-notte-1961,Michelangelo Antonioni
the-uninvited-1944,Lewis Allen
i-married-a-witch-1942,René Clair
journey-to-italy-1954,Roberto Rossellini
europa-51-1952,Roberto Rossellini
stromboli-1950,Roberto Rossellini
la-cage-aux-folles-1978,Edouard Molinaro
to-be-or-not-to-be-1942,Ernst Lubitsch
charulata-1964,Satyajit Ray
the-big-city-1963,Satyajit Ray
seconds-1966,John Frankenheimer
the-devils-backbone-2001,Guillermo del Toro
babettes-feast-1987,Gabriel Axel
the-life-of-oharu-1952,Kenji Mizoguchi
shoah-1985,Claude Lanzmann
safety-last-1923,Fred Newmeyer
safety-last-1923,Sam Taylor
marketa-lazarová-1967,František Vlácil
things-to-come-1936,William Cameron Menzies
life-is-sweet-1990,Mike Leigh
medium-cool-1969,Haskell Wexler
310-to-yuma-1957,Delmer Daves
jubal-1956,Delmer Daves
land-of-milk-and-honey-1971,Pierre Étaix
le-grand-amour-1969,Pierre Étaix
as-long-as-youve-got-your-health-1966,Pierre Étaix
yoyo-1965,Pierre Étaix
the-suitor-1962,Pierre Étaix
repo-man-1984,Alex Cox
gate-of-hell-1953,Teinosuke Kinugasa
monsieur-verdoux-1947,Charlie Chaplin
badlands-1973,Terrence Malick
a-man-escaped-1956,Robert Bresson
ministry-of-fear-1944,Fritz Lang
ministry-of-fear-1944,Edgar Morin
chronicle-of-a-summer-1961,Jean Rouch
chronicle-of-a-summer-1961,Edgar Morin
on-the-waterfront-1954,Elia Kazan
the-kid-with-a-bike-2011,Jean-Pierre Dardenne
the-kid-with-a-bike-2011,Luc Dardenne
the-ballad-of-narayama-1958,Keisuke Kinoshita
pina-2011,Wim Wenders
the-man-who-knew-too-much-1934,Alfred Hitchcock
naqoyqatsi-2002,Godfrey Reggio
powaqqatsi-1988,Godfrey Reggio
koyaanisqatsi-1982,Godfrey Reggio
following-1998,Christopher Nolan
purple-noon-1960,René Clément
heavens-gate-1980,Michael Cimino
weekend-1967,Jean-Luc Godard
arabian-nights-1974,Pier Paolo Pasolini
the-canterbury-tales-1972,Pier Paolo Pasolini
the-decameron-1971,Pier Paolo Pasolini
rosemarys-baby-1968,Roman Polanski
sunday-bloody-sunday-1971,John Schlesinger
the-forgiveness-of-blood-2011,Joshua Marston
the-game-1997,David Fincher
the-devils-envoys-1942,Marcel Carné
eating-raoul-1982,Paul Bartel
quadrophenia-1979,Franc Roddam
lonesome-1928,Paul Fejos
weekend-2011,Andrew Haigh
rosetta-1999,Jean-Pierre Dardenne
rosetta-1999,Luc Dardenne
la-promesse-1996,Jean-Pierre Dardenne
la-promesse-1996,Luc Dardenne
le-havre-2011,Aki Kaurismäki
grays-anatomy-1996,Steven Soderbergh
and-everything-is-going-fine-2010,Steven Soderbergh
shallow-grave-1994,Danny Boyle
the-gold-rush-1925,Charlie Chaplin
summer-with-monika-1953,Ingmar Bergman
summer-interlude-1951,Ingmar Bergman
certified-copy-2010,Abbas Kiarostami
being-john-malkovich-1999,Spike Jonze
the-organizer-1963,Mario Monicelli
alambrista-1977,Robert M. Young
harold-and-maude-1971,Hal Ashby
gloria-1979,Hollis Frampton
winter-solstice-1974,Hollis Frampton
magellan-at-the-gates-of-death-part-i-the-red-gate-i-0-1976,Hollis Frampton
ingenivm-nobis-ipsa-pvella-fecit-part-i-1974,Hollis Frampton
pan-700-1974,Hollis Frampton
pan-699-1974,Hollis Frampton
pan-698-1974,Hollis Frampton
pan-697-1974,Hollis Frampton
pan-4-1974,Hollis Frampton
pan-3-1974,Hollis Frampton
pan-2-1974,Hollis Frampton
pan-1-1974,Hollis Frampton
pan-0-1974,Hollis Frampton
the-birth-of-magellan-cadenza-i-1977,Hollis Frampton
hapax-legomena-iii-critical-mass-1971,Hollis Frampton
hapax-legomena-ii-poetic-justice-1972,Hollis Frampton
hapax-legomena-i-nostalgia-1971,Hollis Frampton
zorns-lemma-1970,Hollis Frampton
lemon-1969,Hollis Frampton
carrots-peas-1969,Hollis Frampton
surface-tension-1968,Hollis Frampton
maxwells-demon-1968,Hollis Frampton
process-red-1966,Hollis Frampton
manual-of-arms-1966,Hollis Frampton
blithe-spirit-1945,David Lean
this-happy-breed-1944,David Lean
in-which-we-serve-1942,David Lean
the-war-room-1993,D. A. Pennebaker
the-war-room-1993,Chris Hegedus
letter-never-sent-1960,Mikhail Kalatozov
anatomy-of-a-murder-1959,Otto Preminger
vanya-on-42nd-street-1994,Louis Malle
world-on-a-wire-1973,Rainer Werner Fassbinder
tiny-furniture-2010,Lena Dunham
three-outlaw-samurai-1964,Hideo Gosha
the-moment-of-truth-1965,Francesco Rosi
godzilla-1954,Ishirō Honda
belle-de-jour-1967,Luis Buñuel
design-for-living-1933,Ernst Lubitsch
12-angry-men-1957,Sidney Lumet
three-colours-red-1994,Krzysztof Kieślowski
three-colours-white-1994,Krzysztof Kieślowski
three-colours-blue-1993,Krzysztof Kieślowski
island-of-lost-souls-1932,Erle C. Kenton
identification-of-a-woman-1982,Michelangelo Antonioni
kuroneko-1968,Kaneto Shindō
the-four-feathers-1939,Zoltan Korda
carlos-2010,Olivier Assayas
the-cousins-1959,Claude Chabrol
le-beau-serge-1958,Claude Chabrol
the-phantom-carriage-1921,Victor Sjostrom
latalante-1934,Jean Vigo
zero-for-conduct-1933,Jean Vigo
taris-1931,Jean Vigo
à-propos-de-nice-1930,Jean Vigo
culdesac-1966,Roman Polanski
secret-sunshine-2007,Lee Chang-dong
the-killing-1956,Stanley Kubrick
life-during-wartime-2009,Todd Solondz
the-music-room-1958,Satyajit Ray
léon-morin-priest-1961,Jean-Pierre Melville
black-moon-1975,Louis Malle
zazie-dans-le-métro-1960,Louis Malle
people-on-sunday-1930,Robert Siodmak
people-on-sunday-1930,Edgar G. Ulmer
kiss-me-deadly-1955,Robert Aldrich
the-makioka-sisters-1983,Kon Ichikawa
insignificance-1985,Nicolas Roeg
the-great-dictator-1940,Charlie Chaplin
pale-flower-1964,Masahiro Shinoda
something-wild-1986,Jonathan Demme
blow-out-1981,Brian De Palma
kes-1969,Ken Loach
white-material-2009,Claire Denis
the-mikado-1939,Victor Schertzinger
topsyturvy-1999,Mike Leigh
the-times-of-harvey-milk-1984,Robert Epstein
senso-1954,Luchino Visconti
sweet-smell-of-success-1957,Alexander Mackendrick
still-walking-2008,Hirokazu Koreeda
fish-tank-2009,Andrea Arnold
broadcast-news-1987,James L. Brooks
cronos-1992,Guillermo del Toro
the-king-of-marvin-gardens-1972,Bob Rafelson
the-last-picture-show-1971,Peter Bogdanovich
a-safe-place-1971,Henry Jaglom
drive-he-said-1971,Jack Nicholson
five-easy-pieces-1970,Bob Rafelson
easy-rider-1969,Dennis Hopper
head-1968,Bob Rafelson
modern-times-1936,Charlie Chaplin
antichrist-2009,Lars von Trier
the-night-of-the-hunter-1955,Charles Laughton
the-darjeeling-limited-2007,Wes Anderson
house-1977,Nobuhiko Obayashi
paths-of-glory-1957,Stanley Kubrick
the-magician-1958,Ingmar Bergman
the-thin-red-line-1998,Terrence Malick
merry-christmas-mr-lawrence-1983,Nagisa Oshima
naked-childhood-1968,Maurice Pialat
crumb-1994,Terry Zwigoff
louie-bluie-1985,Terry Zwigoff
the-docks-of-new-york-1928,Josef von Sternberg
the-last-command-1928,Josef von Sternberg
underworld-1927,Josef von Sternberg
the-secret-of-the-grain-2007,Abdellatif Kechiche
there-was-a-father-1942,Yasujirō Ozu
the-only-son-1936,Yasujirō Ozu
night-train-to-munich-1940,Carol Reed
red-desert-1964,Michelangelo Antonioni
mystery-train-1989,Jim Jarmusch
everlasting-moments-2008,Jan Troell
closeup-1990,Abbas Kiarostami
chinese-series-2003,Stan Brakhage
persian-series-3-1999,Stan Brakhage
persian-series-2-1999,Stan Brakhage
persian-series-1-1999,Stan Brakhage
-reel-5-1998,Stan Brakhage
yggdrasill-whose-roots-are-stars-in-the-human-mind-1997,Stan Brakhage
the-cat-of-the-worms-green-realm-1997,Stan Brakhage
i-take-these-truths-1995,Stan Brakhage
from-first-hymn-to-the-night-novalis-1994,Stan Brakhage
the-mammals-of-victoria-1994,Stan Brakhage
boulder-blues-and-pearls-and-1993,Stan Brakhage
unconscious-london-strata-1981,Stan Brakhage
visions-in-meditation-4-dh-lawrence-1990,Stan Brakhage
visions-in-meditation-3-platos-cave-1990,Stan Brakhage
visions-in-meditation-2-mesa-verde-1989,Stan Brakhage
visions-in-meditation-1-1989,Stan Brakhage
arabic-numeral-series-12-1981,Stan Brakhage
murder-psalm-1980,Stan Brakhage
the-domain-of-the-moment-1977,Stan Brakhage
duplicity-iii-1980,Stan Brakhage
burial-path-1978,Stan Brakhage
the-process-1972,Stan Brakhage
desert-1976,Stan Brakhage
star-garden-1974,Stan Brakhage
the-machine-of-eden-1970,Stan Brakhage
scenes-from-under-childhood-section-one-1968,Stan Brakhage
23rd-psalm-branch-1967,Stan Brakhage
two-creeleymcclure-1965,Stan Brakhage
the-dead-1960,Stan Brakhage
the-wonder-ring-1955,Stan Brakhage
stagecoach-1939,John Ford
the-fugitive-kind-1960,Sidney Lumet
ride-with-the-devil-1999,Ang Lee
summer-hours-2008,Olivier Assayas
vivre-sa-vie-1962,Jean-Luc Godard
colossal-youth-2006,Pedro Costa
in-vandas-room-2000,Pedro Costa
ossos-1997,Pedro Costa
bigger-than-life-1956,Nicholas Ray
dillinger-is-dead-1969,Marco Ferreri
make-way-for-tomorrow-1937,Leo McCarey
hunger-2008,Steve McQueen
lola-montès-1955,Max Ophüls
revanche-2008,Götz Spielmann
paris-texas-1984,Wim Wenders
germany-year-zero-1948,Roberto Rossellini
paisan-1946,Roberto Rossellini
rome-open-city-1945,Roberto Rossellini
che-part-two-2008,Steven Soderbergh
che-part-one-2008,Steven Soderbergh
days-of-wine-and-roses-1958,John Frankenheimer
the-comedian-1957,Alvin Rakoff
requiem-for-a-heavyweight-1956,Alvin Rakoff
bang-the-drum-slowly-1956,Daniel Petrie
a-wind-from-the-south-1955,Daniel Petrie
no-time-for-sergeants-1955,Mervyn LeRoy
patterns-1955,Fielder Cook
marty-1953,Delbert Mann
downhill-racer-1969,Michael Ritchie
gomorrah-2008,Matteo Garrone
a-christmas-tale-2008,Arnaud Desplechin
z-1969,Costa Gavras
wings-of-desire-1987,Wim Wenders
monsoon-wedding-2001,Mira Nair
howards-end-1992,James Ivory
that-hamilton-woman-1941,Alexander Korda
homicide-1991,David Mamet
the-last-days-of-disco-1998,Whit Stillman
jeanne-dielman-23-quai-du-commerce-1080-bruxelles-1975,Chantal Akerman
repulsion-1965,Roman Polanski
2-or-3-things-i-know-about-her-1967,Jean-Luc Godard
made-in-usa-1966,Jean-Luc Godard
the-human-condition-iii-a-soldiers-prayer-1961,Masaki Kobayashi
the-human-condition-ii-road-to-eternity-1959,Masaki Kobayashi
the-human-condition-i-no-greater-love-1959,Masaki Kobayashi
my-dinner-with-andre-1981,Louis Malle
last-year-at-marienbad-1961,Alain Resnais
bergman-island-2006,Marie Nyreröd
the-curious-case-of-benjamin-button-2008,David Fincher
the-friends-of-eddie-coyle-1973,Peter Yates
intentions-of-murder-1964,Shohei Imamura
the-insect-woman-1963,Shohei Imamura
pigs-and-battleships-1961,Shohei Imamura
wise-blood-1979,John Huston
the-hit-1984,Stephen Frears
bluebeard-1936,Jean Painlevé
similarities-between-length-and-speed-1937,Jean Painlevé
voyage-to-the-sky-1937,Jean Painlevé
the-struggle-for-survival-1937,Jean Painlevé
the-fourth-dimension-1936,Jean Painlevé
experimental-treatment-of-a-hemorrhage-in-a-dog-1930,Jean Painlevé
the-sticklebacks-eggs-1925,Jean Painlevé
daphnia-1928,Jean Painlevé
sea-urchins-1929,Jean Painlevé
the-octopus-1928,Jean Painlevé
pigeons-in-the-square-1982,Jean Painlevé
diatoms-1968,Jean Painlevé
sea-ballerinas-1956,Jean Painlevé
freshwater-assassins-1947,Jean Painlevé
the-vampire-1945,Jean Painlevé
acera-or-the-witches-dance-1972,Jean Painlevé
shrimp-stories-1964,Jean Painlevé
the-love-life-of-an-octopus-1967,Jean Painlevé
the-sea-horse-1935,Jean Painlevé
liquid-crystals-1978,Jean Painlevé
how-some-jellyfish-are-born-1960,Jean Painlevé
sea-urchins-1954,Jean Painlevé
hyas-and-stenorhynchus-1929,Jean Painlevé
empire-of-passion-1978,Nagisa Oshima
in-the-realm-of-the-senses-1976,Nagisa Oshima
dodeskaden-1970,Akira Kurosawa
danton-1983,Andrzej Wajda
general-della-rovere-1959,Roberto Rossellini
the-last-metro-1980,François Truffaut
hobsons-choice-1954,David Lean
simon-of-the-desert-1965,Luis Buñuel
the-exterminating-angel-1962,Luis Buñuel
el-norte-1983,Gregory Nava
magnificent-obsession-1954,Douglas Sirk
the-taking-of-power-by-louis-xiv-1966,Roberto Rossellini
white-dog-1982,Samuel Fuller
europa-1991,Lars von Trier
chungking-express-1994,Wong Kar-wai
the-spy-who-came-in-from-the-cold-1965,Martin Ritt
fanfan-the-tulip-1952,Christian Jaque
bottle-rocket-1996,Wes Anderson
missing-1982,Constantinos Gavras
le-deuxième-souffle-1966,Jean-Pierre Melville
le-doulos-1962,Jean-Pierre Melville
an-autumn-afternoon-1962,Yasujirō Ozu
the-earrings-of-madame-de-1953,Max Ophüls
le-plaisir-1952,Max Ophüls
la-ronde-1950,Max Ophüls
twentyfour-eyes-1954,Keisuke Kinoshita
the-small-back-room-1949,Michael Powell
the-small-back-room-1949,Emeric Pressburger
brand-upon-the-brain-2006,Guy Maddin
trafic-1971,Jacques Tati
mon-oncle-antoine-1971,Claude Jutra
vampyr-1932,Carl Theodor Dreyer
before-the-rain-1994,Milčo Mančevski
the-furies-1950,Anthony Mann
the-big-risk-1960,Claude Sautet
patriotism-1966,Domoto Masaki
patriotism-1966,Yukio Mishima
mishima-a-life-in-four-chapters-1985,Paul Schrader
the-thief-of-bagdad-1940,Ludwig Berger
the-thief-of-bagdad-1940,Michael Powell
the-thief-of-bagdad-1940,Tim Whelan
the-fire-within-1963,Louis Malle
the-lovers-1958,Louis Malle
blast-of-silence-1961,Allen Baron
death-of-a-cyclist-1955,Juan Antonio Bardem
the-ice-storm-1997,Ang Lee
antonio-gaudí-1984,Hiroshi Teshigahara
mafioso-1962,Alberto Lattuada
walker-1987,Alex Cox
the-last-emperor-1987,Bernardo Bertolucci
pierrot-le-fou-1965,Jean-Luc Godard
le-bonheur-1965,Agnès Varda
la-pointe-courte-1955,Agnès Varda
this-sporting-life-1963,Lindsay Anderson
miss-julie-1951,Alf Sjöberg
the-naked-prey-1965,Cornel Wilde
twolane-blacktop-1971,Monte Hellman
drunken-angel-1948,Akira Kurosawa
sawdust-and-tinsel-1953,Ingmar Bergman
berlin-alexanderplatz-1980,Rainer Werner Fassbinder
under-the-volcano-1984,John Huston
days-of-heaven-1978,Terrence Malick
breathless-1960,Jean-Luc Godard
mala-noche-1986,Gus Van Sant
night-journey-1960,Alexander Hammid
a-dancers-world-1957,Peter Glushanok
appalachian-spring-1959,Peter Glushanok
the-3-penny-opera-1931,Georg Wilhelm Pabst
robinson-crusoe-on-mars-1964,Byron Haskin
cria-1976,Carlos Saura
the-milky-way-1969,Luis Buñuel
night-on-earth-1991,Jim Jarmusch
stranger-than-paradise-1984,Jim Jarmusch
house-of-games-1987,David Mamet
the-strange-ones-1950,Jean-Pierre Melville
ivans-childhood-1962,Andrei Tarkovsky
ace-in-the-hole-1951,Billy Wilder
the-face-of-another-1966,Hiroshi Teshigahara
woman-in-the-dunes-1964,Hiroshi Teshigahara
pitfall-1962,Hiroshi Teshigahara
if-1968,Lindsay Anderson
sweet-movie-1974,Dušan Makavejev
wr-mysteries-of-the-organism-1971,Dušan Makavejev
the-two-of-us-1967,Claude Berri
sans-soleil-1983,Chris Marker
la-jetée-1962,Chris Marker
sansho-the-bailiff-1954,Kenji Mizoguchi
army-of-shadows-1969,Jean-Pierre Melville
vengeance-is-mine-1979,Shohei Imamura
brute-force-1947,Jules Dassin
overlord-1975,Stuart Cooper
la-haine-1995,Mathieu Kassovitz
the-naked-city-1948,Jules Dassin
the-burmese-harp-1956,Kon Ichikawa
fires-on-the-plain-1959,Kon Ichikawa
when-a-woman-ascends-the-stairs-1960,Mikio Naruse
49th-parallel-1941,Michael Powell
49th-parallel-1941,Emeric Pressburger
green-for-danger-1946,Sidney Gilliat
bicycle-thieves-1948,Vittorio De Sica
the-proud-valley-1940,Pen Tennyson
sanders-of-the-river-1935,Zoltán Korda
body-and-soul-1925,Oscar Micheaux
emperor-jones-1933,Dudley Murphy
paul-robeson-tribute-to-an-artist-1979,Saul J. Turell
native-land-1942,Leo Hurwitz
native-land-1942,Paul Strand
jericho-1937,Thornton Freeland
borderline-1930,Kenneth Macpherson
corridors-of-blood-1958,Robert Day
grip-of-the-strangler-1958,Robert Day
the-atomic-submarine-1959,Spencer G. Bennet
first-man-into-space-1959,Robert Day
mouchette-1967,Robert Bresson
border-radio-1987,Allison Anders
border-radio-1987,Dean Lent
border-radio-1987,Kurt Voss
the-beales-of-grey-gardens-2006,Albert Maysles
the-beales-of-grey-gardens-2006,David Maysles
symbiopsychotaxiplasm-take-2½-2005,William Greaves
symbiopsychotaxiplasm-take-one-1968,William Greaves
the-double-life-of-véronique-1991,Krzysztof Kieślowski
pandoras-box-1929,Georg Wilhelm Pabst
the-fallen-idol-1948,Carol Reed
sweetie-1989,Jane Campion
hands-over-the-city-1963,Francesco Rosi
clean-shaven-1993,Lodge Kerrigan
sólo-con-tu-pareja-1991,Alfonso Cuarón
jigoku-1960,Nobuo Nakagawa
the-spirit-of-the-beehive-1973,Víctor Erice
seduced-and-abandoned-1964,Pietro Germi
kicking-and-screaming-1995,Noah Baumbach
love-in-the-afternoon-1972,Eric Rohmer
claires-knee-1970,Eric Rohmer
la-collectionneuse-1967,Eric Rohmer
my-night-at-mauds-1969,Eric Rohmer
suzannes-career-1963,Eric Rohmer
the-bakery-girl-of-monceau-1963,Eric Rohmer
a-canterbury-tale-1944,Michael Powell
a-canterbury-tale-1944,Emeric Pressburger
koko-a-talking-gorilla-1978,Barbet Schroeder
yi-yi-2000,Edward Yang
equinox-1970,Jack Woods
a-nos-amours-1983,Maurice Pialat
dazed-and-confused-1993,Richard Linklater
elevator-to-the-gallows-1958,Louis Malle
harlan-county-usa-1976,Barbara Kopple
fists-in-the-pocket-1965,Marco Bellocchio
viridiana-1961,Luis Buñuel
late-spring-1949,Yasujirō Ozu
au-revoir-les-enfants-1987,Louis Malle
lacombe-lucien-1974,Louis Malle
murmur-of-the-heart-1971,Louis Malle
metropolitan-1990,Whit Stillman
kind-hearts-and-coronets-1949,Robert Hamer
la-bête-humaine-1938,Jean Renoir
the-children-are-watching-us-1943,Vittorio De Sica
mr-arkadin-1955,Orson Welles
the-virgin-spring-1960,Ingmar Bergman
young-mr-lincoln-1939,John Ford
the-bad-sleep-well-1960,Akira Kurosawa
forbidden-games-1952,René Clément
the-tales-of-hoffmann-1951,Michael Powell
the-tales-of-hoffmann-1951,Emeric Pressburger
ran-1985,Akira Kurosawa
shoot-the-piano-player-1960,François Truffaut
pickpocket-1959,Robert Bresson
kill-1968,Kihachi Okamoto
samurai-spy-1965,Masahiro Shinoda
sword-of-the-beast-1965,Hideo Gosha
samurai-rebellion-1967,Masaki Kobayashi
ugetsu-1953,Kenji Mizoguchi
masculin-féminin-1966,Jean-Luc Godard
naked-1993,Mike Leigh
le-samouraï-1967,Jean-Pierre Melville
boudu-saved-from-drowning-1932,Jean Renoir
the-man-who-fell-to-earth-1976,Nicolas Roeg
bad-timing-1980,Nicolas Roeg
harakiri-1962,Masaki Kobayashi
an-angel-at-my-table-1990,Jane Campion
the-life-aquatic-with-steve-zissou-2004,Wes Anderson
story-of-a-prostitute-1965,Seijun Suzuki
gate-of-flesh-1964,Seijun Suzuki
au-hasard-balthazar-1966,Robert Bresson
le-notti-bianche-1957,Luchino Visconti
crazed-fruit-1956,Kō Nakahira
the-browning-version-1951,Anthony Asquith
the-flowers-of-st-francis-1950,Roberto Rossellini
unfaithfully-yours-1948,Preston Sturges
heaven-can-wait-1943,Ernst Lubitsch
the-phantom-of-liberty-1974,Luis Buñuel
hoop-dreams-1994,Steve James
f-for-fake-1973,Orson Welles
burden-of-dreams-1982,Les Blank
divorce-italian-style-1961,Pietro Germi
ashes-and-diamonds-1958,Andrzej Wajda
kanal-1957,Andrzej Wajda
a-generation-1955,Andrzej Wajda
jules-and-jim-1962,François Truffaut
the-sword-of-doom-1966,Kihachi Okamoto
young-törless-1966,Volker Schlöndorff
leclisse-1962,Michelangelo Antonioni
my-own-private-idaho-1991,Gun Van Sant
the-river-1951,Jean Renoir
tout-va-bien-1972,Jean-Luc Godard
tout-va-bien-1972,Jean-Pierre Gorin
night-and-the-city-1950,Jules Dassin
thieves-highway-1949,Jules Dassin
la-commare-secca-1962,Bernardo Bertolucci
touchez-pas-au-grisbi-1954,Jacques Becker
casque-dor-1952,Jacques Becker
fighting-elegy-1966,Seijun Suzuki
youth-of-the-beast-1963,Seijun Suzuki
kagemusha-1980,Akira Kurosawa
the-king-of-kings-1927,Cecil B. DeMille
short-cuts-1993,Robert Altman
the-making-of-fanny-and-alexander-1984,Ingmar Bergman
fanny-and-alexander-1984,Ingmar Bergman
fanny-and-alexander-1982,Ingmar Bergman
eyes-without-a-face-1960,Georges Franju
fat-girl-2001,Catherine Breillat
tanner-88-1988,Robert Altman
secret-honor-1984,Robert Altman
a-constant-forge-2000,Charles Kiselyak
opening-night-1977,John Cassavetes
the-killing-of-a-chinese-bookie-1976,John Cassavetes
a-woman-under-the-influence-1974,John Cassavetes
faces-1968,John Cassavetes
shadows-1958,John Cassavetes
the-battle-of-algiers-1966,Gillo Pontecorvo
videodrome-1983,David Cronenberg
slacker-1990,Richard Linklater
i-vitelloni-1953,Federico Fellini
port-of-shadows-1938,Marcel Carné
elena-and-her-men-1956,Jean Renoir
french-cancan-1955,Jean Renoir
the-golden-coach-1952,Jean Renoir
early-summer-1951,Yasujirō Ozu
the-lower-depths-1957,Akira Kurosawa
the-lower-depths-1936,Jean Renoir
a-woman-is-a-woman-1961,Jean-Luc Godard
smiles-of-a-summer-night-1955,Ingmar Bergman
mamma-roma-1962,Pier Paolo Pasolini
the-leopard-1963,Luchino Visconti
the-tin-drum-1979,Volker Schlöndorff
stray-dog-1949,Akira Kurosawa
floating-weeds-1959,Yasujirō Ozu
a-story-of-floating-weeds-1934,Yasujirō Ozu
the-testament-of-dr-mabuse-1933,Fritz Lang
3-women-1977,Robert Altman
scenes-from-a-marriage-1974,Ingmar Bergman
scenes-from-a-marriage-1973,Ingmar Bergman
salvatore-giuliano-1962,Francesco Rosi
le-corbeau-1943,Henri-Georges Clouzot
onibaba-1964,Kaneto Shindo
tunes-of-glory-1960,Ronald Neame
pickup-on-south-street-1953,Samuel Fuller
maîtresse-1976,Barbet Schroeder
diary-of-a-country-priest-1951,Robert Bresson
ikiru-1952,Akira Kurosawa
naked-lunch-1991,David Cronenberg
la-strada-1954,Federico Fellini
le-cercle-rouge-1970,Jean-Pierre Melville
tokyo-story-1953,Yasujirō Ozu
the-rules-of-the-game-1939,Jean Renoir
knife-in-the-water-1962,Roman Polanski
all-that-money-can-buy-1941,William Dieterle
richard-iii-1955,Laurence Olivier
ingmar-bergman-makes-a-movie-1963,Vilgot Sjöman
the-silence-1963,Ingmar Bergman
winter-light-1963,Ingmar Bergman
through-a-glass-darkly-1961,Ingmar Bergman
the-pornographers-1966,Shohei Imamura
lola-1981,Rainer Werner Fassbinder
veronika-voss-1982,Rainer Werner Fassbinder
the-marriage-of-maria-braun-1979,Rainer Werner Fassbinder
indiscretion-of-an-american-wife-1953,Vittorio De Sica
umberto-d-1952,Vittorio De Sica
the-honeymoon-killers-1970,Leonard Kastle
schizopolis-1996,Steven Soderbergh
ali-fear-eats-the-soul-1974,Rainer Werner Fassbinder
night-and-fog-1956,Alain Resnais
hiroshima-mon-amour-1959,Alain Resnais
the-fiancés-1963,Ermanno Olmi
il-posto-1961,Ermanno Olmi
jenny-lamour-1947,Henri-Georges Clouzot
coup-de-grâce-1976,Volker Schlöndorff
jubilee-1978,Derek Jarman
throne-of-blood-1957,Akira Kurosawa
the-white-sheik-1952,Federico Fellini
love-on-the-run-1979,François Truffaut
bed-and-board-1970,François Truffaut
stolen-kisses-1968,François Truffaut
lovesong-2001,Stan Brakhage
comingled-containers-1996,Stan Brakhage
the-dark-tower-1999,Stan Brakhage
crack-glass-eulogy-1991,Stan Brakhage
stellar-1993,Stan Brakhage
study-in-color-and-black-and-white-1993,Stan Brakhage
black-ice-1994,Stan Brakhage
untitled-for-marilyn-1992,Stan Brakhage
delicacies-of-molten-horror-synapse-1991,Stan Brakhage
glaze-of-cathexis-1990,Stan Brakhage
rage-net-1988,Stan Brakhage
night-music-1986,Stan Brakhage
the-dante-quartet-1987,Stan Brakhage
i-dreaming-1988,Stan Brakhage
kindering-1987,Stan Brakhage
the-stars-are-beautiful-1974,Stan Brakhage
the-garden-of-earthly-delights-1981,Stan Brakhage
the-woldshadow-1972,Stan Brakhage
eye-myth-1967,Stan Brakhage
mothlight-1963,Stan Brakhage
window-water-baby-moving-1959,Stan Brakhage
cats-cradle-1959,Stan Brakhage
the-act-of-seeing-with-ones-own-eyes-1972,Stan Brakhage
dog-star-man-part-iv-1964,Stan Brakhage
dog-star-man-part-iii-1964,Stan Brakhage
dog-star-man-part-ii-1964,Stan Brakhage
dog-star-man-part-i-1963,Stan Brakhage
prelude-dog-star-man-1962,Stan Brakhage
wedlock-house-an-intercourse-1959,Stan Brakhage
desistfilm-1954,Stan Brakhage
les-dames-du-bois-de-boulogne-1945,Robert Bresson
straw-dogs-1971,Sam Peckinpah
i-am-curious-blue-1968,Vilgot Sjöman
i-am-curious-yellow-1967,Vilgot Sjöman
my-life-as-a-dog-1985,Lasse Hallström
the-lost-honor-of-katharina-blum-1975,Margarethe von Trotta
the-lost-honor-of-katharina-blum-1975,Volker Schlöndorff
the-killers-1964,Don Siegel
the-killers-1946,Robert Siodmak
fear-and-loathing-in-las-vegas-1998,Terry Gilliam
band-of-outsiders-1964,Jean-Luc Godard
the-life-and-death-of-colonel-blimp-1943,Michael Powell
the-life-and-death-of-colonel-blimp-1943,Emeric Pressburger
pépé-le-moko-1937,Julien Duvivier
contempt-1963,Jean-Luc Godard
trouble-in-paradise-1932,Ernst Lubitsch
shake-otis-at-monterey-1987,D.A. Pennebaker
jimi-plays-monterey-1986,D.A. Pennebaker
monterey-pop-1968,D.A. Pennebaker
down-by-law-1986,Jim Jarmusch
man-bites-dog-1992,Rémy Belvaux
man-bites-dog-1992,André Bonzel
man-bites-dog-1992,Benoît Poelvoorde
solaris-1972,Andrei Tarkovsky
hopscotch-1980,Ronald Neame
ratcatcher-1999,Lynne Ramsay
under-the-roofs-of-paris-1930,René Clair
à-nous-la-liberté-1931,René Clair
red-beard-1965,Akira Kurosawa
the-importance-of-being-earnest-1952,Anthony Asquith
the-royal-tenenbaums-2001,Wes Anderson
hearts-and-minds-1974,Peter Davis
tokyo-olympiad-1965,Kon Ichikawa
the-horses-mouth-1958,Ronald Neame
general-idi-amin-dada-1974,Barbet Schroeder
george-washington-2000,David Gordon Green
traffic-2000,Steven Soderbergh
bob-le-flambeur-1956,Jean-Pierre Melville
juliet-of-the-spirits-1965,Federico Fellini
ballad-of-a-soldier-1959,Grigori Chukhrai
in-the-mood-for-love-2000,Wong Kar-wai
the-cranes-are-flying-1957,Mikhail Kalatozov
the-firemens-ball-1967,Miloš Forman
loves-of-a-blonde-1965,Miloš Forman
that-obscure-object-of-desire-1977,Luis Buñuel
the-last-wave-1977,Peter Weir
children-of-paradise-1945,Marcel Carné
8½-1963,Federico Fellini
wild-strawberries-1957,Ingmar Bergman
rashomon-1950,Akira Kurosawa
notorious-1946,Alfred Hitchcock
spellbound-1945,Alfred Hitchcock
rebecca-1940,Alfred Hitchcock
häxan-1922,Benjamin Christensen
the-vanishing-1988,George Sluizer
the-ruling-class-1972,Peter Medak
closely-watched-trains-1966,Jiří Menzel
the-shop-on-main-street-1965,Elmar Klos
the-shop-on-main-street-1965,Ján Kadár
le-trou-1960,Jacques Becker
carl-th-dreyer-my-metier-1995,Torben Skjodt Jensen
gertrud-1964,Carl Theodor Dreyer
ordet-1955,Carl Theodor Dreyer
day-of-wrath-1943,Carl Theodor Dreyer
grey-gardens-1975,David Maysles
grey-gardens-1975,Albert Maysles
grey-gardens-1975,Muffie Meyer
grey-gardens-1975,Susan Froemke
grey-gardens-1975,Ellen Hovde
salesman-1969,David Maysles
salesman-1969,Albert Maysles
salesman-1969,Charlotte Zwerin
billy-liar-1963,John Schlesinger
how-to-get-ahead-in-advertising-1989,Bruce Robinson
withnail-i-1987,Bruce Robinson
sullivans-travels-1941,Preston Sturges
diary-of-a-chambermaid-1964,Luis Buñuel
the-hidden-fortress-1958,Akira Kurosawa
rififi-1955,Jules Dassin
my-man-godfrey-1936,Gregory La Cava
big-deal-on-madonna-street-1958,Mario Monicelli
playtime-1967,Jacques Tati
mon-oncle-1958,Jacques Tati
monsieur-hulots-holiday-1953,Jacques Tati
the-scarlet-empress-1934,Josef von Sternberg
the-rock-1996,Michael Bay
mona-lisa-1986,Neil Jordan
coup-de-torchon-1981,Bertrand Tavernier
spartacus-1960,Stanley Kubrick
double-suicide-1969,Masahiro Shinoda
the-lady-eve-1941,Preston Sturges
the-discreet-charm-of-the-bourgeoisie-1972,Luis Buñuel
cries-and-whispers-1972,Ingmar Bergman
beastie-boys-video-anthology-2000,Spike Jonze Tamra Davis Adam Bernstein Adam Yauch Evan Bernard Ari Marcropoulos David Perez Shadi
gimme-shelter-1970,Albert Maysles
gimme-shelter-1970,David Maysles
gimme-shelter-1970,Charlotte Zwerin
lavventura-1960,Michelangelo Antonioni
do-the-right-thing-1989,Spike Lee
written-on-the-wind-1956,Douglas Sirk
all-that-heaven-allows-1955,Douglas Sirk
i-know-where-im-going-1945,Michael Powell
i-know-where-im-going-1945,Emeric Pressburger
black-narcissus-1947,Michael Powell
black-narcissus-1947,Emeric Pressburger
fiend-without-a-face-1958,Arthur Crabtree
the-blob-1958,Irvin S. Yeaworth
kwaidan-1964,Masaki Kobayashi
sisters-1972,Brian De Palma
ivan-the-terrible-part-ii-the-boyars-plot-1946,Sergei Eisenstein
ivan-the-terrible-part-i-1944,Sergei Eisenstein
alexander-nevsky-1938,Sergei Eisenstein
pygmalion-1938,Anthony Asquith
pygmalion-1938,Leslie Howard
good-morning-1959,Yasujirō Ozu
the-harder-they-come-1972,Perry Henzell
hamlet-1948,Laurence Olivier
variety-lights-1950,Federico Fellini
variety-lights-1950,Alberto Lattuada
the-element-of-crime-1984,Lars von Trier
the-dentist-1932,Leslie Pearce
the-barber-shop-1933,Arthur Ripley
the-fatal-glass-of-beer-1933,Clyde Buckman
the-pharmacist-1933,Arthur Ripley
the-golf-specialist-1930,Monte Brice
pool-sharks-1915,Edwin Middleton
the-bank-dick-1940,Edward Cline
and-god-created-woman-1956,Roger Vadim
brief-encounter-1945,David Lean
chasing-amy-1997,Kevin Smith
vagabond-1985,Agnès Varda
cléo-from-5-to-7-1962,Agnès Varda
le-million-1931,René Clair
the-magic-flute-1975,Ingmar Bergman
the-last-temptation-of-christ-1988,Martin Scorsese
testament-of-orpheus-1960,Jean Cocteau
orpheus-1950,Jean Cocteau
the-blood-of-a-poet-1932,Jean Cocteau
rushmore-1998,Wes Anderson
the-third-man-1949,Carol Reed
carnival-of-souls-1962,Herk Harvey
the-passion-of-joan-of-arc-1928,Carl Theodor Dreyer
life-of-brian-1979,Terry Gilliam
autumn-sonata-1978,Ingmar Bergman
the-night-porter-1974,Liliana Cavani
peeping-tom-1960,Michael Powell
charade-1963,Stanley Donen
the-39-steps-1935,Alfred Hitchcock
the-unbearable-lightness-of-being-1988,Philip Kaufman
for-all-mankind-1989,Al Reinert
sanjuro-1962,Akira Kurosawa
yojimbo-1961,Akira Kurosawa
brazil-1985,Terry Gilliam
and-the-ship-sails-on-1983,Federico Fellini
nights-of-cabiria-1957,Federico Fellini
black-orpheus-1959,Marcel Camus
insomnia-1997,Erik Skjoldbjærg
the-most-dangerous-game-1932,Ernest B. Schoedsack
the-most-dangerous-game-1932,Irving Pichel
taste-of-cherry-1997,Abbas Kiarostami
the-red-shoes-1948,Michael Powell
the-red-shoes-1948,Emeric Pressburger
lord-of-the-flies-1963,Peter Brook
fishing-with-john-1991,John Lurie
henry-v-1944,Laurence Olivier
armageddon-1998,Michael Bay
tokyo-drifter-1966,Seijun Suzuki
branded-to-kill-1967,Seijun Suzuki
time-bandits-1981,Terry Gilliam
the-wages-of-fear-1953,Henri-Georges Clouzot
diabolique-1955,Henri-Georges Clouzot
andrei-rublev-1966,Andrei Tarkovsky
nanook-of-the-north-1922,Robert Flaherty
oliver-twist-1948,David Lean
great-expectations-1946,David Lean
m-1931,Fritz Lang
picnic-at-hanging-rock-1975,Peter Weir
blood-for-dracula-1974,Paul Morrissey
flesh-for-frankenstein-1973,Paul Morrissey
the-long-good-friday-1980,John Mackenzie
alphaville-1965,Jean-Luc Godard
high-and-low-1963,Akira Kurosawa
robocop-1987,Paul Verhoeven
summertime-1955,David Lean
dead-ringers-1988,David Cronenberg
sid-and-nancy-1986,Alex Cox
shock-corridor-1963,Samuel Fuller
the-naked-kiss-1964,Samuel Fuller
salò-or-the-120-days-of-sodom-1975,Pier Paolo Pasolini
samurai-iii-duel-at-ganryu-island-1956,Hiroshi Inagaki
samurai-ii-duel-at-ichijoji-temple-1955,Hiroshi Inagaki
samurai-i-musashi-miyamoto-1954,Hiroshi Inagaki
the-silence-of-the-lambs-1991,Jonathan Demme
this-is-spinal-tap-1984,Rob Reiner
the-seventh-seal-1957,Ingmar Bergman
walkabout-1971,Nicolas Roeg
hard-boiled-1992,John Woo
the-killer-1989,John Woo
a-night-to-remember-1958,Roy Ward Baker
beauty-and-the-beast-1946,Jean Cocteau
the-400-blows-1959,François Truffaut
amarcord-1973,Federico Fellini
the-lady-vanishes-1938,Alfred Hitchcock
seven-samurai-1954,Akira Kurosawa
grand-illusion-1937,Jean Renoir
last-holiday-1950,Henry Cass
gervaise-1956,René Clément
mayerling-1936,Anatole Litvak
daybreak-1939,Marcel Carné
kapo-1960,Gillo Pontecorvo
the-great-chase-1962,Saul J. Turell
the-love-goddesses-1965,Saul J. Turell
paddle-to-the-sea-1966,William Mason
sanshiro-sugata-1943,Akira Kurosawa
the-most-beautiful-1944,Akira Kurosawa
sanshiro-sugata-part-two-1945,Akira Kurosawa
the-men-who-tread-on-the-tigers-tail-1945,Akira Kurosawa
no-regrets-for-our-youth-1946,Akira Kurosawa
one-wonderful-sunday-1947,Akira Kurosawa
scandal-1950,Akira Kurosawa
the-idiot-1951,Akira Kurosawa
i-live-in-fear-1955,Akira Kurosawa
madadayo-1993,Akira Kurosawa
murderous-maids-2000,Jean-Pierre Denis
crisis-1946,Ingmar Bergman
a-ship-to-india-1947,Ingmar Bergman
port-of-call-1948,Ingmar Bergman
thirst-1949,Ingmar Bergman
to-joy-1950,Ingmar Bergman
waiting-women-1952,Ingmar Bergman
a-lesson-in-love-1954,Ingmar Bergman
dreams-1955,Ingmar Bergman
brink-of-life-1958,Ingmar Bergman
the-devils-eye-1960,Ingmar Bergman
all-these-women-1964,Ingmar Bergman
hour-of-the-wolf-1968,Ingmar Bergman
the-rite-1969,Ingmar Bergman
the-passion-of-anna-1969,Ingmar Bergman
fårö-document-1970,Ingmar Bergman
the-touch-1971,Ingmar Bergman
the-serpents-egg-1977,Ingmar Bergman
fårö-document-1979-1979,Ingmar Bergman
from-the-life-of-the-marionettes-1980,Ingmar Bergman
after-the-rehearsal-1984,Ingmar Bergman
saraband-2003,Ingmar Bergman
varda-by-agnès-2019,Agnès Varda
les-3-boutons-2015,Agnès Varda
o-seasons-o-castles-1958,Agnès Varda
along-the-coast-1958,Agnès Varda
fiancés-on-the-bridge-1962,Agnès Varda
diary-of-a-pregnant-woman-1958,Agnès Varda
the-socalled-caryatids-1984,Agnès Varda
youve-got-beautiful-stairs-you-know-1986,Agnès Varda
daguerréotypes-1975,Agnès Varda
the-vanishing-lion-2003,Agnès Varda
the-creatures-1966,Agnès Varda
elsa-the-rose-1966,Agnès Varda
uncle-yanco-1967,Agnès Varda
black-panthers-1968,Agnès Varda
lions-love-1969,Agnès Varda
mur-murs-1981,Agnès Varda
documenteur-1981,Agnès Varda
women-reply-1975,Agnès Varda
the-pleasure-of-love-in-iran-1976,Agnès Varda
seven-rooms-kitchen-bathroom-for-sale-1984,Agnès Varda
jane-b-by-agnès-v-1988,Agnès Varda
kungfu-master-1988,Agnès Varda
jacquot-de-nantes-1991,Agnès Varda
the-young-girls-turn-25-1993,Agnès Varda
the-world-of-jacques-demy-1995,Agnès Varda
one-hundred-and-one-nights-1995,Agnès Varda
the-gleaners-and-i-2000,Agnès Varda
the-gleaners-and-i-two-years-later-2002,Agnès Varda
faces-places-2017,Agnès Varda
hello-cubans-1963,Agnès Varda
ulysse-1983,Agnès Varda
ydessa-the-bears-and-etc-2004,Agnès Varda
agnès-varda-from-here-to-there-2011,Agnès Varda
the-beaches-of-agnès-2008,Agnès Varda
the-swindle-1955,Federico Fellini
intervista-1987,Federico Fellini
as-tears-go-by-1988,Wong Kar-wai
days-of-being-wild-1990,Wong Kar-wai
fallen-angels-1995,Wong Kar-wai
happy-together-1997,Wong Kar-wai
2046-2004,Wong Kar-wai
accattone-1961,Pier Paolo Pasolini
love-meetings-1964,Pier Paolo Pasolini
the-gospel-according-to-st-matthew-1964,Pier Paolo Pasolini
the-hawks-and-the-sparrows-1966,Pier Paolo Pasolini
oedipus-rex-1967,Pier Paolo Pasolini
pigsty-1969,Pier Paolo Pasolini
medea-1969,Pier Paolo Pasolini
